source_id,job_title,job_description,company_name,mid_salary_sgd,pay_period,country_location,city_location
1,Machine Learning,"Requirements / Responsibilities:

Should have 6+ years of experience as Data Scientist
Should have experience in Data Analytics, Big Data, Machine Learning, AI and dashboard creation",LumaCore Data,9541.67,Monthly,China,Shenzhen
2,Full Stack Developer,looking well-rounded full-stack developer work new cutting-edge system provides industry-leading healthcare-focused workflow clinical trial including recruitment study conduct u elligo health research offer platform brings clinical research physician practice accelerating development new pharmaceutical biotechnology medical device product therapy go direct™ approach us state-of-the-art elligo direct™ technology compliantly leverage current electronic health record data applies proprietary prescreening process match protocol-eligible patient participation clinical study mission support health care provider providing personnel procedure technology infrastructure clinical research enabling patient participate research remaining care trusted physician job responsibility role developing testing supporting new system primarily mean stack mongodb angularjs express node j supporting tool component built java postgres redis rabbitmq elasticsearch writing executing unit test code helping qa write integration system test participating sprint planning code review user platform elligo staff physician partner since working alongside user need work understand develop solution problem encounter required skill qualification excited prospect transforming clinical trial workflow experienced 3+ year developing web application fluent javascript node j html cs experienced database preferably including nosql comfortable writing unit test experienced working full engineering qa team excellent debugging troubleshooting excellent meeting deliverable timeline set preferred qualification prefer worked sensitive secure data like health record deployed cloud service provider developed dashboard report practiced agile software development worked responsive web framework written sql query worked java,InnoWave Networks,5750.0,Monthly,Singapore,Singapore
3,Database Administrator,job description ? ace initiative site administrator ace initiative site administrator ha responsibility coordinating comprehensive ace initiative service dr. maya angelou community high school includes working school personnel educare staff insure quality deliverable service student school admin/staff parent essential duty responsibility ace initiative site administration coordinate implement develops ace initiative service communication technology school responsible meet goal set ace initiative grant maintain grant compliance work school admin coordinate daily ace initiative program may include evening weekend activity represents educare school community including student parent staff faculty community partner ha full knowledge ace initiative grant requirement ha full knowledge program service offered school partnership submits monthly calendar daily schedule ace initiative program activity develops ace advisory lesson grade level available student teacher admin school day school support school site coordinator needed educare auxiliary program work community outreach organization bring additional resource service program campus counsel advises student needed help resolve problem may impede participation ace program attends professional development program related meeting attends educare staff meeting duty assigned 2\ record maintenance data collection collect daily attendance record ace initiative program activity daily routine responsible distributing collecting student intake form ace initiative program participant provides weekly report program outcome data additional data required grant keep note program activity success challenge occur distributes collect social emotional learning sel survey student parent teacher salary $ 25 $ 28 hour doe 40 hour week,Solstice Technologies,61500.0,Annual,Singapore,Singapore
4,JavaScript Developer,"We are looking for a Full-stack Javascript Developer to help us build medium to large-scale, high performance web applications. Your primary focus will be the development of all server-side logic, definition and ensuring high performance and responsiveness to requests from the front-end. You will also be responsible for developing front-end elements using various Javascript frameworks like React.js, Angular.js, Node.js. Therefore, hands-on experience on front-end technologies (including HTML, CSS) from ground up is critical as well.

Skill Requirements:
Know-how of frontend technologies such as HTML5, CSS3 (and understanding of pre-processors like SASS/SCSS), JS and jQuery.
Knowledge of JS frameworks (atleast one of the following):
Angular 4/5
Node.js
React.js
Vue.js
Strong (or intermediate) proficiency with web related protocols and architectures (MVC, REST APIs, JSON, HTTP)
Excellent understanding of OOP patterns and methodologies.
Experience with responsive web design and development.
Experience with cross-browser compatibility.
Hands-on experience in frontend Javascript development to at-least ES5/ES6 specification is a plus.
Experience in developing/building SPAs to medium to large scale web applications in Angular, React is a plus.
Understanding of importance and implementation of accessibility and security compliance in web applications is a plus.
Strong customer focused approach, excellent problem solving and analytical skills.",NexaBridge Labs,5750.0,Monthly,Singapore,Singapore
5,Backend Developer,"Backend Developer having 2-3 years of experience.
Familiar with C Sharp (C#), C++, Unity 3D, and Cloud Services.
Follow approved life cycle methodologies and perform program coding and testing.
Implement and Integrate databases.
Part-time hours: 32-35 per week

Expected Start Date: 12/10/2020

Job Types: Full-time, Part-time

Experience:
total work: 2 years (Required)
Application Question:
Are you familiar with the backend developed in Unity?
Work Remotely:
Yes",BluePeak Innovations,90500.0,Annual,China,Beijing
6,DevOps Engineer,"17791 DevOps Engineer II (Open)

Position Type:

Full time

Location(s):

IN.Bangalore.Office1

Position Details:

Overview
This job is responsible/accountable for streamlining offerings to CSGs end customers.
They take solutions from development and ensure they are operationally sound prior to rolling into production.
Products are evaluated and prepared for installation, configuration, monitoring, diagnostics, and process / procedure to ensure minimal impact as they are released.
Production optimization from a personnel perspective is a critical point and leveraging technology to ensure solutions adhere to customers SLA requirements for availability.
Job Description:
The incumbent is responsible for providing key support for their focused product / solution area to internal and external resources.
Support and maintenance of the customers production and non-production environments - including on-call support / work variety of shifts to include weekends, holidays or extra shifts/extended shifts or as needed.
Work with L1/L2/L3/L4 support and operations teams to ensure successful deployment and operation of their application and ongoing operational activities
Independently building and testing reliable and well-tested solutions and once released troubleshoot any issues, actively seeking out problems and solving them.
Support the build and deployment infrastructure used by our delivery teams
Respond to high severity production issues escalated by our operations teams along with root cause analysis
Test driven development, Agile development, continuous integration, continuous deployment, DevOps automation
Create seamless/automated build scripts used for release management across all environments.
Contribute to the DevOps community by way of good & best practices and support mentoring/coaching and training the wider team
Comprehend customers security and data policies and ensure adherence
Liason with cross functional teams to investigate customer issues and drive early resolution.
Prepare, validate and Share the data which are required to cleanup/correct/reconcile as a part of fix
Experience
3-5 years of related experience in Technical Analyst or equivalent role or 2-3 years in computer engineering or equivalent role
Some experience with a broad range of IT technologies: Network, Storage, Virtualization, Compute, Database, Automation, SDLC, and distributed transactions in high volume managed services or billing services provider environments
Additional Job Description
Under limited supervision, performs installations, configurations, and upgrades to CSG products.
Hands on experience in either 2 of the languages Python, C# and Shell/Powershell . Expertise in
one of this is mandatory
OS experience Windows and Linux
Experience in using monitoring tools
Basic understanding and working knowledge of CI/CD tools like Chef, Jenkins etc
Ability to troubleshoot issues and provide solution
Validation of installation and configuration processes and procedures.
Active participation/internship with the other teams involved in delivery (Development & Project Management).
Troubleshooting and bug fixing for solutions once in place.
Participate in the on-call rotation under the supervision of a senior team member
Releases & Promotions:
Under limited supervision, support the development team in releases and promotions (including core upgrades) from development through to production, as defined by Best Practices.
Validation of release and promotion processes and procedures.
Troubleshooting and bug fixing for solutions once in place.
Backups & Recovery:
With limited supervision, establishes and maintains system and database backup and recovery policies and procedures.
Solution & New Product Evaluation:
Assists in the identification and analysis of the internal/external clients technical requirements.
Under limited supervision, gathers information from customers on technical requirements.
Under limited supervision, provides technical input and consultation for application deployment.
Third Party & Open Source:
Under limited supervision, performs installation, configuration, and upgrades to any supporting
third-party software used in supporting CSG products.
Active research and sandbox trials of open source solutions.
Execute third party/open source compilation for requisite software.
Pull source and monitor version modifications in association with key software.
Familiarization of key third party products /open source projects leveraged by CSG solutions.
Communication & Documentation:
Effectively communicates with customers and colleagues alike.
Produces and maintains documentation on projects and research as assigned.
Creates wiki documentation for solution delivery and support, as well as, automation efforts.
Responsibility

% of Time
Administration of infrastructure systems (upgrade, maintain, troubleshoot) such as BigIP, CVP framework, BladeLogic, Automation, ADDM, CSP/IPF 20%
Serves as subject matter expert for matters relating to system and application architecture 20%
3rd tier support for operational production issues 40%
Participates in process improvement efforts within the larger technology organization 20%
Regular and reliable attendance is required.
Ongoing
Incumbent is accountable for professional working behavior to include; building and maintaining constructive working relationships, implementing proactive and concise communication, acting as a resource to colleagues, and engaging in collaborative thinking and problem solving while demonstrating CSGs core competencies and values.
Typical Interactions/Relationships
Internal Some contact with developers, dbas, operations, Systems Administrators, Global Platform Architecture.
Knowledge, Skills and Abilities
Familiarity with practical agile development methodologies.
Familiarity with required coding (C #) and scripting languages (Shell Scripting).
General knowledge of database architecture and function.
Demonstrates a great deal of self-drive and initiative in a highly independent environment.
Knowledge of programming and systems analysis procedures.
Strong oral and written/editing skills.
Good interpersonal skills.
Knowledge of Linux Shell and Windows PowerShell scripting.
Works with some independence, yet most feature level work assigned by lead. Knows when to
seek guidance from teammates or lead.
Balances task load to deliver in a timely manner.
Involved in story creation and iterative planning.
Demonstrates solid skill and is working to gain additional experience
3-5 years of experience in application deployment and support.
Good Understanding of OS, Network, Database and application monitoring tools.
Demonstrates creativity when researching or solving a situation.
Knowledge of systems security and PCI compliance.
Bachelors Degree or equivalent experience.
Should have worked on Agile projects and should understand
C#
PowerShell/ Shell Scripting
Database Knowledge
Python or pearl will be added advantage",CloudHarbor Labs,60000.0,Annual,China,Beijing
7,PHP Developer,"Job Responsibilities: PHP Developer*
· PHP, MVC, SQL, AWS, AWS Server,

· Familiarity with API Creation and RESTful services

· Translation of designer mock-ups and wireframes into front-end code

· Strong fundamental knowledge in core PHP

· Should be well versed with front end design and coding

· Database administration and management of a hosting environment

· Unit testing

· Version control with GitHub

· 2 years experience in building and maintaining high level applications

Job Type: Full-time

Salary: ₹12,814.00 - ₹30,673.00 per month

Experience:
software development PHP API Creation: 2 years (Required)
total work php development : 2 years (Required)
Education:
Bachelor's (Required)
Licence:
Core PHP (Preferred)
Programming Languages needed:
Python (Required)
PHP (Required)
Work Remotely:
No",WestGate Systems,84000.0,Annual,China,Chengdu
8,Machine Learning,"__
**
PDI provides services across all verticals and continues to grow as a leader across every sector of data management, from Big Data to Data Science. Our team’s talent is what sets us apart from our competitors and we continuously seek out the foremost talent of the technology community to give you the best result possible.
Job Description:
Candidate Option 1
Recent graduate (Bachelor's or Master's) from any IIM university who is looking to start a career in Data Governance
No work experience required
Candidate Option 2
Candidate with minimum 5 years experience working with leading Indian consulting firm: Cognizant, Accenture, Deloitte, PWC, KPMG
Bachelor's from any Indian university
All Candidates will:
· Be able to work remotely
· Will have the opportunity for Canadian visa sponsorship
Requirements:
Recent graduate from Top IIM university who is looking to start a career in Data Governance OR Candidate with minimum 5 years’ experience working with leading Indian consulting firm: Cognizant, Accenture, Deloitte, PWC, KPMG
Bachelor's in Information Systems, Computer Science, or other related field.
Must be able to work IST night shifts to overlap at least 3 hours with PST company.
Advanced English oral and written skills.
Ability to explain digital concepts and technologies to business leaders, and business concepts to technologists
Outstanding analytical and problem-solving abilities.
Familiarity with business information generation and analysis methods.
Ability to effectively drive business, culture and technology change in a dynamic and complex operating environment.
Familiarity and knowledge of Data Governance concepts and tools is preferred but not mandatory to have
Job Type: Full-time
Schedule:
Night shift
Experience:
work: 2 years (Preferred)
total work: 2 years (Preferred)
Education:
Bachelor's (Preferred)",Vertex Innovations,81500.0,Annual,China,Suzhou
9,Network Administrator,"looking for ui developer freshers can also apply
Job Summary:
A UI developer in Applicate is responsible for developing interactive UI for mobile based, web based, mobile, and/or desktop platform. The Developer would work closely with Application Developers to build highly efficient, user-friendly, interfaces. The person would evaluate and recommend appropriate usage of Rich-UI components and capabilities to enhance the user experience.

Personal Attributes:

Strong, innovative, and initiative-seeking approach to problem solving and finding solutions
Flexible and proactive/self-motivated working style with strong personal ownership of problem resolution
Strong communication skills with sound articulation and comprehension
Ardent desire to explore and learn emerging interactive technologies
Experience Guidelines:

Experience required 0-2 years
Excellent knowledge of React, Redux, HTML5, CSS3, JavaScript
Knowledge of Object Oriented JavaScript (OOJS), JavaScript libraries and their practical uses in building complex interactive experiences
Knowledge of fluid grids, and building responsive/adaptive websites using Bootstrap etc.
Knowledge of client-side templating languages like Handlebars, Mustache, etc. (Preferred)
Familiarity of working with frontend build systems and automating the same using Grunt / Gulp is a plus
Moderate to Strong graphics manipulation/optimization skills using Photoshop
Education: Full Time Bachelor's / Master's degree (Any field)

Job Types: Full-time,

Experience:

CSS: 0-2 year (Preferred)
javascript: 0-2 year (Preferred)
HTML: 0-2 year (Preferred)
React.JS: 0-2 year (Preferred)

WHATSAPP YOUR CV ON (+9I-72-52-98-32-64 ) HR TEAM",Finora Digital,7958.33,Monthly,Singapore,Singapore
10,Backend Developer,"Bengaluru, Karnataka, India Req #670
Friday, October 16, 2020
Building on our heritage and fueled by innovation, we create immersive media experiences that enrich life. We focus on technologies that enable the future of media, and build teams that are highly customer centric. We need exceptionally talented, bright, and driven people. If you want to be part of a team that works towards continuously raising the bar, this is your chance to make history!

Backend Developer – Job Description

Who We Are

MediaKind is revolutionizing the television and video entertainment experiences

seen by millions of people every single day. We provide end-to-end video

products for our customers, ranging from media platforms video decoding. Our

1600+ employees are based in 29 locations all over the world such as France,

the UK, India, China, Israel, United States and more. We welcome pioneers and

entrepreneurs who want to be heard. Your individual voice will be amplified;

after all, we are media kind of people.

Come join this fun, collaborative and diverse group and work with some of the

most talented people in this industry. You will play a major part in shaping a
ground-breaking

next generation cloud-based TV service, delivering digital entertainment to

TV’s, browsers, tablets and smartphones.

Responsibilities:
Design, build, test, deploy and maintain scalable, highly
available, modular software products in the cloud

Produce excellent quality code in an agile environment
Advocate and deliver on programming best practices and
standards like code reviews, unit and functional testing

Technical Skills, Experience & Soft skills

Very strong coding skills in a high-level programming
language like C#, Java and strong understanding of data structures and
algorithms

Strong knowledge of design patterns and software engineering
best practices

Hands on experience building RESTful web services and strong
understanding of SOA

Experience using NoSQL databases like Cassandra and MongoDB
Experience with relational databases
Experience with Microsoft technologies like C#, Asp.net and Web API
framework is a huge plus

Some scripting experience with shell/python
Highly motivated and a great team player
Excellent communication skills
Bachelor’s degree in computer science or other related field
with 3-6 years of experience

Our Story

Technology is constantly advancing, becoming faster, smarter and

more efficient – uniting billions of people all over the world and allowing us

to consume more media with greater ease, every day. We understand the power of

media and how it is evolving. It runs in our DNA. It’s our passion. With our

pioneering heritage and strong foundations – all fuelled by deep innovation, we

have a single goal in mind: to enable our customers to create and deliver

immersive media experiences.

We are uniquely positioned to help shape and lead the future of global
media

technology. Our award-winning technologies, established industry heritage and

forward-thinking experts equip organizations with the end-to-end technology

solutions needed to embrace media of all kinds. We are opening the eyes of

humankind, enabling people to be involved in inspiring stories, iconic moments,

and world-changing events – on any screen. We are media technology innovators –

imagining the unimaginable and driving the human entertainment experience
forward

for everyone, everywhere.

We are MediaKind

Visit www.mediakind.com for more information

At MediaKind, we celebrate Diversity. We build and thrive on it for the benefit of our employees, customers and extended communities. We are proud to be an equal opportunity workplace and an affirmative action employer. We are committed to equal employment opportunity regardless of race, color, ancestry, religion, sex, national origin, sexual orientation, age, citizenship, marital status, disability, gender identity or Veteran status. If you have a disability or special need that requires accommodation, please let us know.
Other details
Job Function 6P-Professional-Developing Pay Type Salary",SkyFoundry Ventures,121000.0,Annual,Singapore,Singapore
11,Machine Learning,"The Data Scientist is responsible for collecting data and developing insights related to innovative new business initiatives at BrickRed Systems focused on the digital enablement of industrial, and Manufacturing markets. Responsibilities of the Data Scientist include, but not limited to:

Leverage big data to discover patterns and solve strategic & tactical business problems using massive structured and unstructured data sets across multiple environments

· Develop analytic capabilities (e.g. models and processes) that drive better outcomes for both customers and the company

· Drive the collection, cleansing, processing and analysis of new and existing data sources.

· Build, test, and deploy predictive models and/or machine learning algorithms on large static and/or streaming data sets

· Report findings by creating useful and appropriate data outputs and visualizations tailored for the intended audiences

· Learn & stay current on Machine learning and Internet of Things developments, news, opportunities, and challenges

· Generate innovative ideas, establish new research directions, shape and execute the information strategy in support of technical projects and new product developments

Work with and support other team members, management, and partners

Qualifications:

University degree in a relevant field such as Statistics, Physics, Mathematics, Machine Learning or Data Science

· Mandatory experience in industrial/Manufacturing related projects.

· 5+ years experience in related data science, analytics, and model building roles or 10+ years experience in directly related roles

· Extensive experience working with large complex data sets, real time/near real time analytics, and distributed big data platforms (Hadoop & MapReduce and/or Cassandra/Spark)

· Strong practical knowledge of analytical techniques and methodologies such as machine learning/supervised and unsupervised techniques, segmentation, mix and time series modelling, response modelling, lift modelling, experimental design, neural networks, data mining and optimization techniques

· Expert knowledge of analysis tools such as R, Python, MATLAB, Spark or SAS.

· Strong background in applying statistical machine learning techniques to predictive modelling and experience with Machine Learning libraries (via R, H2O, Python, Spark, etc.)

· Proficiency in programming in Python, R, SQL, Javascript, Java/Scala and shell scripting

· Proficiency in consuming REST based API (with JSON payload) is a plus.

· Fluency in big data platforms including Hadoop, MapReduce, Hive, Spark, PIG

· Familiarity with Cloud based HaaS/PaaS solutions such as AWS EMR, MS Azure.

· A strong understanding of data profiling and data cleansing techniques

· Natural curiosity and a strong passion for empirical research and problem solving

· Strong written and verbal communications skills; comfortable communicating with senior levels of both business and technology leadership

Can Do, Customer Centric Attitude.
Tolerant of Ambiguity and Changing Environment.

Self-starter and comfort working in an early-stage environment.",Pioneer Consulting,12458.33,Monthly,Singapore,Singapore
12,Java Developer,"Position Overview

CyberGrants is an ambitious, fast-growing and innovative company that helps our clients achieve Agile Social Impact. We are proud to have hundreds of clients, including over half of the Fortune 100. In the last twelve months alone, we’ve processed over $6.5 billion and more than 50 million volunteer hours. Nearly one-third of all corporate charitable giving is donated via CyberGrants software.

As part of our Technical Services team, you will be working in a highly collaborative environment in an exciting and comfortable atmosphere. You will be responsible for translating client requirements into the design and development of customized systems. You will be immersed in multi-tiered technical solutions integrating front-end, server-side, and database code.

By joining CyberGrants, take your technical potential together with your passion for good and go home every night knowing the work you’ve done has positively impacted millions of people around the world!

Apprenticeships or part-time may be considered.

Key Responsibilities
Support technical development of new client implementations and enhancements to existing client programs integrating front-end, server-side, and database code
Resolve technical issues related to custom and standard CyberGrants software offering
Design and develop internal support software to improve productivity, quality and speed of delivery
Demonstrate a strong ability to learn quickly and research new technology or skills as needed
Participate openly and constructively in code peer review and other quality control activities
Interpret business requirements and formulate developer and test strategies
Demonstrate a strong ability to be flexible and think out-of-the-box
Work effectively individually and as part of a multi-discipline team


Requirements
Programming experience in one or more current programming languages, Python preferred.
Experience with Relational Database(s) and related query languages (MySQL, MS SQL Server, Oracle SQL, Other) .
Experience with Test Driven Development (Unit Testing Frameworks).
Ability to effectively communicate and deliver technical information to business users and all stakeholders.
Strong attention to detail and a passion for quality, client happiness and continuous learning.
Preferred Qualifications
Object Oriented Server Side Language(s) (PHP, Java, .NET, PLSQL, Other)
Web Services (RESTful API integration)
JavaScript
Contemporary Source Control Systems (GIT)
Agile / Scrum methodologies
Continuous Integration and Continuous Deployment (CI/CD)
Tools and Methods (JIRA, Git, Wrike, Axure)
DevOps
Experience working with dispersed development and business teams.
Education
Bachelor's degree (B. A. / B. S.) in technical field from four-year college or university.
Completed coding boot-camp or comparable work experience.",Pioneer Digital,5333.33,Monthly,Singapore,Singapore
13,iOS Developer,"We are looking for skilled mobile app developers to design, develop and deploy Mobile Apps working the different Android versions. We are also keen about developing apps using cross platform development tools. The nature of our apps development require working with Offline Storage, Threading, Performance Tuning and Restful Web Services

• Knowledge Of Android SDK, Different Android Versions

• Experience In Offline Storage, Threading, And Performance Tuning
• Experience In Consuming Restful Web Services Using Retrofit
• Knowledge In Javascript
• Experience / Knowledge In Hybrid App Development Is An Advantage (React Native/Flutter)

Job Type: Full-time

Industry:
Software Development",Zenith Software,64000.0,Annual,China,Hangzhou
14,Django Developer,"urgent requirement for ""Â Python Django "" in one of the leading company.

1.Â Python Django at Ahmedabad.

Job Location: Ahmedabad.

1. Qualification: Graduate

2. Experience: 1-5 years

3. CTC: As per your current CTC

Please send your updated resumeÂ

1.00-5.00 Years",NexaBridge Software,101500.0,Annual,Singapore,Singapore
15,PHP Developer,"Job Summary
**
We are looking for Fresher PHP developers who possess a passion for pushing web technology to the limits and will work with our team of talented engineers to design and build the next generation of existing services
The candidate should have basic knowledge of PHP, HTML5, CSS3, Jquery, with good knowledge of communication skills.
Responsibilities and Duties
Candidate must have IT Background and should be familiar with technologies.
Must have good interpersonal skills.
Must have Innovative, knowledgeable, creative, and hard-working
Key Skills
PHP, WordPress, HTML, CSS
Required Experience and Qualifications
Exp. : 0 - 3 Year
Qua. : B.E./B.TECH./M.E./M.TECH./MCA
Contract length: 1 month
Job Types: Full-time, Internship, Fresher
Salary: ₹12,000.00 - ₹34,000.00 per month
Benefits:
Flexible schedule
Schedule:
Day shift
Experience:
software development: 1 year (Preferred)
total work: 1 year (Preferred)
Education:
Bachelor's (Preferred)
Licence:
Core PHP (Preferred)
Programming Languages needed:
Python (Preferred)
Industry:
Software Development",Northstar Software,50500.0,Annual,China,Xi'an
16,Software Engineer,"Responsibilities and Duties :
- Meeting with system users to understand the scope of projects;
- Working with software developers and project support teams;
- Identifying business requirements;
- Project planning;
- Monitoring applications and software systems;
- Testing in different environments including web and mobile;
- Writing bug reports;
- Resource planning;
- Reviewing documentation;
- Working towards departmental and project deadlines;
- Quality assurance;
- Providing objective feedback to software development project teams;
- Problem-solving; functional testing
Skills Required :
- Maintain existing software systems by identifying and correcting software defects.
- Investigate and develop skills in new technologies.
- Create technical specifications and test plans.
- B.Tech/BS in computer science or a related field.
Job Types: Full-time, Fresher
Salary: ₹5,000.00 - ₹8,000.00 per month
Schedule:
Day shift
Experience:
total work: 1 year (Preferred)
Work Remotely:
No",Meridian Data,7541.67,Monthly,Singapore,Singapore
17,Database Administrator,resume required order apply letter interest required order apply list 3 professional reference required order apply order considered applicant must uploaded required material combined document must completed section on-line application purpose position work multiple team functional department develop maintain enhance enterprise peoplesoft application oracle database essential function develop maintain enhance enterprise peoplesoft application oracle database ; maintain peoplesoft environment including installation upgrade patch replication data refreshes performance tuning monitoring web application server ; assist management production non-production oracle database including installation upgrade patch backup recovery replication archiving security tuning disaster recovery monitoring validation support departmental organizational need ; manage database environment identify recommend alternative poorly coded application including consulting end user developer recommend appropriate database solution ; assist application development database design consideration ; assist design data security model help protect university 's data ; comply existing standard document communicate system change ; provide service support determined current service level agreement including on-call support ; provide third level support database system problem work personnel resolve database issue ; perform impact analysis peoplesoft peopletools update provide proposal applying effectively required qualification bachelor ’ degree computer science computer information system computer application computer engineering electronic engineering five 5 year experience database administrator peoplesoft administrator programmer programmer analyst five 5 year experience must included oracle database peoplesoft administration working condition may work around standard office condition repetitive use keyboard workstation us standard office equipment 10 domestic travel trainings/seminars additional information retirement plan position teacher retirement system texas trs subject position least 20 hour per week least 135 day length complete section application including highest level education college degree applicable reference question application questionnaire applying first time make sure complete biographical information including address email phone may update time selecting edit profile application security sensitive ; conviction verification conducted applicant selected eo/aa statement university texas system administration equal opportunity/ affirmative action employer qualified applicant receive consideration employment without regard race color religion sex national origin age disability veteran status sexual orientation reasonable disability accommodation may requested contacting office human resource,QuantumLeaf Labs,4875.0,Monthly,Singapore,Singapore
18,Database Administrator,job description oracle & sql dba responsible implementation configuration maintenance performance critical microsoft sql oracle server system ensure availability consistent performance production ibm sterling b2b integrator system “ hands-on ” position requiring solid technical skill well excellent interpersonal communication skill must capable working independently collaboratively responsibility configure maintain database server process including monitoring system health performance ensure high level performance availability security apply data modeling technique ensure development implementation support effort meet integration performance expectation independently analyze solve correct issue real time providing problem resolution end-to-end refine automate regular process track issue document change assist developer complex query tuning schema refinement provide 24x7 support critical production system perform scheduled maintenance support release deployment activity hour share domain technical expertise providing technical mentorship cross-training peer team member qualification bachelor 's degree computer science c management information system mi information technology computer engineering ‘ ce ’ related discipline 4-8 year sql oracle server administration experience required experience performance tuning optimization pto using native monitoring troubleshooting tool experience backup restores recovery model knowledge high availability ha disaster recovery dr option database server experience working window server linux excellent written verbal communication ability organize plan work independently ability work rapidly changing environment ability multi-task context-switch effectively different activity team additional information information kept confidential according eeo guideline small sample benefit perk offer comprehensive medical dental vision matching 401k generous pto policy commuter benefit happy hour fun event game/break room bagel wednesday,Aster Consulting,59500.0,Annual,Singapore,Singapore
19,Backend Developer,"Job Description

Roles and Responsibilities
Requirements: Expertise in Data Structures and Algorithms. Spring and Spring Boot Framework. 4+ years of Strong Experience in Core Java Backend Development RestAPI / RestFull Web services,Microservices,Multi-threading,OOP's concepts
Desired Candidate Profile

Perks and Benefits

Salary:
INR 10,00,000 - 20,00,000 PA.
Industry:
IT-Software / Software Services
Functional Area:
IT Software - System Programming
Role Category:
Programming & Design
Role:
Software Developer
Key Skills
Core Java
Spring Boot
Desired Candidate Profile
Please refer to the Job description above
Company Profile
GnK E Services Pvt Ltd.
Altimetrik accelerates digital transformation by delivering bite-sized outcomes that boost revenue, improve margins, and increase market share without disrupting current business or customers

Contact Company:
GnK E Services Pvt Ltd.
Address:
Altimetrik India Pvt. Ltd. # 7-P, 93-P, West,, Electronic City, Bengaluru, Karnataka 560100",Pioneer Solutions,96000.0,Annual,China,Suzhou
20,JavaScript Developer,"We are looking for a great JavaScript developer who is proficient in JavaScript technologies like React, Angular or Vue. Your primary focus will be on developing user interface components and implementing them following well-known React, Angular or Vue workflows. You will ensure that these components and the overall application are robust and easy to maintain. You will coordinate with the rest of the team working on different layers of the infrastructure. Therefore, a commitment to collaborative problem solving, sophisticated design, and quality products are important.
Opportunity
A Competitive Salary
Retention Bonus for all
An Exciting & Diverse Workload
A nice Office infrastructure
5 days working
Latest Tools needed to do the job
Scope of speedy career growth
Supportive & Friendly Work Culture
Bi-weekly fun activity Events
We love to party so expect a busy social calendar!
Responsibilities
Developing the latest user-facing features using React, Angular or Vue
Designing a modern highly responsive web-based user interface
Building reusable components and front-end libraries for future use
Translating designs and wireframes into high-quality code
Learn and understand user interactions
Optimizing components for maximum performance across a vast array of web-capable devices and browsers
Coordinating with various teams working on distinct layers
As a Frontend Developer, you will be involved from conception to completion with projects that are technologically sound and aesthetically impressive.
Qualifications
BCA / MCA / B.Tech / M.Tech
Skills
React, Redux, Vue, Angular, HTML, CSS, Git, JavaScript, Frontend
Job Type: Full-time
Salary: Up to ₹40,000.00 per month
Experience:
Frontend Development: 2 years (Preferred)
React: 2 years (Preferred)
JavaScript: 2 years (Preferred)
Education:
Bachelor's (Preferred)
Work Remotely:
Temporarily due to COVID-19",NexaBridge Technologies,76000.0,Annual,China,Xi'an
21,Backend Developer,"YorYo Technologies Ltd, Pune/Hyderabad.
Delivering Capacity Economics.
YorYo is cerebellum for Transportation and Supply chain network. Driven by cutting edge technology platform and asset-light execution, it solves key challenges around capacity balance and movement of goods.
Software Engineer - Back End, Java
We are looking for passionate developer with 1-2 years of experience who loves challenges and building something from ground-up. You will be part of nascent, dynamic and fast-paced team who is looking to reinvent Supply chain and logistics with right balance of technology, operations and customer mindset. You will get the opportunity to grow with company and customers through this journey.
You will be solving some complex NP hard problems, deep down in algorithms and building these to scale. If you have passion to solve complex problems at scale with right aptitude of data structures and analytical abilities then you are in the right place.
You will be responsible for Back End development, REST API design, development and integrations with various systems.
Skills Needed –
In-depth hands on experience with any programming languages including C/C++.
Working knowledge of responsive web design
Working knowledge of databases such as MySQL, Mongo DB, Stored Procedures etc.
Good understanding of REST API’s and integration with backend technologies
Familiarity deploying SAAS solution with Amazon AWS /Saleforce.com / Microsoft Azure and Docker etc.
Preference for candidates with a BE/BTech in Computer Science or Engineering or equivalent.
Location – Pune.
https://www.yoryosolutions.com/
Hindustan Time Coverage
Job Type: Full-time
Salary: ₹400,000.00 - ₹700,000.00 per year
Experience:
work: 1 year (Preferred)
Education:
Bachelor's (Preferred)
Work Remotely:
Temporarily due to COVID-19",Redwood Labs,5958.33,Monthly,Singapore,Singapore
22,iOS Developer,"We have a team of exceptionally talented and trained professionals, who literally breathe and live for technology. We try to constantly improve our working environment, raising standards for life and creating new values for our employees. If you have a degree in IT and a flair for programming, we need you.
*
Roles & Responsibilities-
* Design and build applications for the iOS platform
* Ensure the performance, quality, and responsiveness of applications
* Collaborate with a team to define, design, and ship new features
* Identifying potential problems and resolving application bottlenecks.
* Good to have knowledge of publishing application on App Store.
* Maintaining the code and optimization of the application.
* Designing and implementing application updates.
Skills-
* Proficient with Swift, Xcode, and Cocoa Touch.
* Experience with offline storage, threading, and performance tuning
* Familiarity with RESTful APIs to connect iOS applications to back-end services
* Knowledge of other web technologies and UI/UX standards
* Understanding of Apple’s design principles and interface guidelines
* Good to have swiftUI Knowledge.
* Knowledge of low-level C-based libraries is preferred
* Familiarity with cloud message APIs and push notifications
*
Contract length: 6 months
Job Types: Full-time, Internship, Fresher
Salary: ₹15,000.00 - ₹30,000.00 per month
Schedule:
Day shift
Flexible shift
Supplemental Pay:
Performance bonus
Yearly bonus
Experience:
total work: 1 year (Preferred)
iOS: 1 year (Preferred)
Education:
Bachelor's (Preferred)
Programming Languages needed:
Objective-C (Preferred)
Swift (Preferred)",CloudHarbor Technologies,82500.0,Annual,China,Shenzhen
23,Full Stack Developer,premiere ad-tech company new york city hiring full stack engineer join team focused internet thing connected device division ! leading innovation digital home industry mission connect screen world create reactive dynamic engaging on-the-fly marketing experience building backbone tech power internet-connected device type hardware part skilled team able make immediate impact shape core technology effort work highly visible instrumental success system ! required skill & experience full stack experience python/golang + javascript framework plus expertise web framework / web technology / web development familiarity linux http + websocket comprehension desired skill & experience aws amazon web service flask sqlalchemy browser tech like v8 webkit compositing etc built desktop application using native framework offer competitive salary $ 150k doe receive following benefit medical insurance & health saving account hsa 401 k paid sick time leave pre-tax commuter benefit applicant must currently authorized work united state full-time basis future position doe offer sponsorship workbridge associate part motion recruitment network provides staffing solution contract contract-to-hire direct hire across 11 major north american market unique expertise today ’ highest demand tech skill set paired deep network knowledge local technology market result exemplary track record candidate client,GreenByte Labs,5166.67,Monthly,China,Suzhou
24,Node js developer,"We are looking for expreienced Node.js Developers who are having good knowledge about the language. The candidate must have good communication skills. The candidate must have atleast 2 years of experience. The candidate should have a knowledge about vue.js as well.

Job Type: Full-time

Salary: ₹150,000.00 - ₹300,000.00 per month

Experience:
Node.js: 2 years (Required)
Vue.js: 1 year (Preferred)
Education:
Bachelor's (Preferred)
Location:
Indore, Madhya Pradesh (Preferred)
Language:
English (Preferred)
Work Remotely:
Temporarily due to COVID-19",Cobalt Digital,10958.33,Monthly,Singapore,Singapore
25,Full Stack Developer,description austin - tx aus1 2309 gracy farm lane 78758 sruti patel 20180610-3859 believe done right investing liberates people create destiny driven purpose champion every client ’ goal passion integrity respect appreciate diversity employee client community serve challenge convention strategically create value client firm world live bring life concept ‘ tomorrow ’ every day champion employee strength guide development invest long-term success hire optimistic results-oriented curious innovative adaptable people desire help client one another succeed company established chuck 40 year ago champion main street wall street help american transform earner owner advocacy innovation work make investing affordable accessible understandable enter fifth decade looking talented innovative driven people believe help client create better future opportunity software engineer become key member active participant highly collaborative self-organizing agile scrum team 're looking someone passionate searching pioneering evangelizing new emerging technology order build exceptional software solution consideration high quality software implementation delivery maintenance must initiative taken opportunity arise influence and/or improve effectiveness product development process key responsibility include engage understanding product feature better participate product development develop software local cloud networked mobile internet-related technology utilize strong engineering practice develop highly maintainable secure scalable available performant end end system focus logging user-base testing kpi 's better inform product development decision maintain operational soundess alert tuning service-provider vendor monitoring automated technique ensure production availability deliver predictably efficiently high quality customer satisfaction help create promote develop highly-engaged supportive innovative technology team others would want part ’ get comprehensive compensation benefit package financial health 401k match employee stock purchase plan employee discount personalized advice brokerage discount work/life balance sabbatical paid parental leave new mother returning work program tuition reimbursement program time volunteer employee matching gift program everyday wellness health lifestyle wellness reward onsite fitness class healthy food choice wellness champion inclusion employee resource group commitment diversity strategic partnership job career opportunity best work life learn life @ schwab charles schwab & co. inc. equal opportunity affirmative action employer committed diversifying workforce schwab 's policy provide equal employment opportunity employee applicant without regard race color religion sex including pregnancy childbirth breastfeeding related medical condition gender identity expression national origin ancestry age disability legally protected medical condition genetic information marital status sexual orientation protected veteran status military status citizenship status status protected law schwab also doe discriminate applicant employee inquired discussed disclosed pay pay another employee applicant schwab believe every employee diverse ability experience contribute growth innovation client loyalty embrace diversity committed providing equal opportunity employee applicant disability require reasonable accommodation application process call human resource 800-725-3535 happy assist schwab share accommodation request individual specific need know request accommodation affect schwab 's hiring decision submission performed online job specification work schedule day language english - spoken current license / certification none relevant work experience it-distributed web development-less 2yrs position located tx - austin education ba/bs job type full time category information technology activation date wednesday june 20 2018 expiration date friday november 2 2018 apply,Redwood Solutions,4666.67,Monthly,China,Nanjing
26,Database Administrator,overview cure start fred hutchinson cancer research center home three nobel laureate interdisciplinary team world-renowned scientist seek new innovative way prevent diagnose treat cancer hiv/aids life-threatening disease fred hutch ’ pioneering work bone marrow transplantation led development immunotherapy harness power immune system treat cancer independent nonprofit research institute based seattle fred hutch house nation ’ first cancer prevention research program well clinical coordinating center woman ’ health initiative international headquarters hiv vaccine trial network career start research administration group epidemiology program public health science division looking self-starting communicative individual join team research administrator work closely several principal investigator scientist proactively provide compliant effective funding budget regulatory administration well general day-to-day administrative support team support scientist staff whose work focused broad goal identifying cause human cancer progression ii advancing understanding basic mechanism lead cancer progression iii translating discovery effective prevention strategy position work autonomous manner general direction complete task report program operation director responsibility research administrator i/ii responsibility broken four major area funding source administration lead grant submission process conducting key task creation communication timeline appropriate stakeholder development project budget completion non-technical portion submission oversight institutional signoff perform key post award activity interpreting notice award entering award data grant database coordinating submission annual progress report communicating award information relevant faculty staff fiscal support develop monitor track project budget develop custom report format share information team/department run analyze report identify issue approve budget expense required partner finance resolve identified budget expense issue regulatory support manage renewal timeline ensure completion regulatory document irb mta etc timely manner identify necessary regulatory component submission confirm required item place escalate issue needed determine impact develop implementation plan response applicable regulatory change and/or revision center policy procedure serve central point contact answer question escalating issue needed administrative support maintain faculty cv publication database assist submission manuscript complete administrative task travel coordination expense reporting purchasing maintenance supply equipment reconciliation business credit card identify administrative issue discussion leadership coordinate meetings/conference call occasional event planning management qualification required associate ’ bachelor ’ degree two year relevant research administration experience nih grant experience submission management advanced proficiency excel word powerpoint outlook endnote adobe ability source data system generate customized report efficient planning organizing prioritizing work skill tailoring communication specific audience experience navigating complex internal system department basic budgetary knowledge ability reconcile manage report budget information etc preferred certified research administrator prior experience research administrator preferably principal investigators/academics ability edit sharepoint site basic web page knowledge relevant regulatory guideline irb iacuc mua knowledge fred hutch process policy please note submission cover letter strongly recommended commitment diversity committed cultivating workplace diverse perspective experience welcomed respected proud equal opportunity vevraa employer discriminate basis race color religion creed ancestry national origin sex age disability marital veteran status sexual orientation gender identity political ideology membership legally protected class affirmative action employer encourage individual diverse background apply desire priority referral protected veteran due disability need assistance/and reasonable accommodation application recruiting process please send request employee service center escmail @ fredhutch.org calling 206-667-4700,OrbitWorks Digital,82500.0,Annual,China,Guangzhou
27,DevOps Engineer,"6+ years of experience as DevOps engineer or similar software engineering role
Experienced in managing and maintaining the infrastructure system in AWS
Experienced in managing and setting up new environments in PCF (Pivotal Cloud Foundry) for micro services deployment
Experienced in creating dashboards using Splunk / Grafana
Experienced in GitLab CI/CD
Experienced in Docker and Kubernetes
Experienced in using scripting languages like python/groovry/go/shell scripting to automate day to day ops, pipeline, and deployments to AWS/PCF
Experienced in creating dashboards, intelligent alerts, integrate AppD, Pagerduty, Slack, GitLab, etc.
Strong understanding of CICD practices
Mandatory hands-on experience in any MDM – Mobile device management platform(preferably Mobile Iron)

6+ years of experience as DevOps engineer or similar software engineering role
Experienced in managing and maintaining the infrastructure system in AWS
Experienced in managing and setting up new environments in PCF (Pivotal Cloud Foundry) for micro services deployment
Experienced in creating dashboards using Splunk / Grafana
Experienced in GitLab CI/CD
Experienced in Docker and Kubernetes
Experienced in using scripting languages like python/groovry/go/shell scripting to automate day to day ops, pipeline, and deployments to AWS/PCF
Experienced in creating dashboards, intelligent alerts, integrate AppD, Pagerduty, Slack, GitLab, etc.
Strong understanding of CICD practices
Mandatory hands-on experience in any MDM – Mobile device management platform(preferably Mobile Iron)

B.E / B. Tech / MCA / Masters in computer science or any other equivalent experience is preferred.",HyperNova Solutions,10791.67,Monthly,Singapore,Singapore
28,Full Stack Developer,’ thrilled announce ’ hiring grow team product ! 3play medium offer truly unique opportunity work small team developer company offer startup-minded size culture robustly backed steady stream customer project every day system process hundred hour video content helping u improve expand way people consume online medium make web ’ video content accessible ’ also excited brand-new product pipeline ! looking enthusiastic full stack developer strong work ethic eager learn solve challenging problem build new feature product pair developer well work independently project given every opportunity show ’ made take charge project need little leadership ’ work large new product fix small bug everything role responsibility expand transcript editing tool used hundred captioners customer efficiently edit time-synchronized text along video source add creative new feature interactive transcript video accessibility plugins implement new feature request well fix customer contractor facing application build integration third-party apis including video hosting platform cloud-based machine learning service speech-to-text text-to-speech service aggregate analyze visualize large data set across hundred thousand hour billion word worth uploaded video content pitch team component application demand immediate attention position requirement 3+ year experience demonstrable aptitude ruby rail another web development framework strong communication collaboration skill determination step challenge eagerness learn share knowledge good problem solving debugging ability self-motivation drive progress including collaborating others insatiable curiosity discover everything work hood least one 1 2+ year professional experience writing kind software ; 2 degree cs-related field nice proficiency coding language ruby python java c++ good knowledge javascript html cs familiarity algorithm algorithmic complexity git & github collaborative version control system company 3play medium rapidly growing profitable start-up making huge impact way people consume online medium provide premium captioning transcription audio description translation solution 2500 higher ed enterprise medium government customer goal simplify workflow flexible apis secure online account system integration multitude player platform lecture capture system got start 2007 mit sloan based boston work environment awesome work environment ! team hard working laid back fun politics wasteful meeting project get done quickly efficiently team dedicated building successful company spacious office lot natural light game room friendly dog named bo share view ambition time need work long difficult hour work fun interesting gratifying work direct impact company ’ success location perk boston – fort point red line near south station heart boston ’ thriving innovation district boston seaport new restaurant bar popping regularly surrounded boston ’ buzzing tech scene benefit competitive compensation stock option medical dental vision plan 401k vacation/sick pay disability life insurance transportation subsidy company outings/social event beer/kombucha/cold brew tap,Cobalt Technologies,101000.0,Annual,China,Wuhan
29,Java Developer,"Looking for a mid-level to senior full-stack (heavy C# and React) developer with 5-7 years professional software development experience.

Required:
4-5 years developing web applications in Microsoft .NET Framework
Experience with frontend + backend + database development in an agile environment
Equal parts humility and courage
Experience with C# preferred (or comparable experience in Java or Python)
Self-motivated and able to learn new technologies
Excellent communication skills + a customer service mindset
The ability to understand user needs + translate those into technical requirements
Preferred/Desired:
Familiarity with database projects + SQL migrations
Experience with React strongly desired (Angular or Vue experience will substitute)
Experience with Git (and/or TFS) + similar source control systems
Experience with Azure DevOps and/or distributed development environments
Job Type: Full-time

Pay: $68,142.00 - $105,000.00 per year

COVID-19 considerations:
Remote work is possible with this position with occasional in-office team meetings .

Experience:
.net: 5 years (Preferred)
Work authorization:
United States (Required)
Work Location:
Multiple locations
Work Remotely:
Yes",Zenith Ventures,8875.0,Monthly,China,Beijing
30,Software Engineer,"Our Company

Changing the world through digital experiences is what Adobe’s all about. We give everyone—from emerging artists to global brands—everything they need to design and deliver exceptional digital experiences! We’re passionate about empowering people to create beautiful and powerful images, videos, and apps, and transform how companies interact with customers across every screen.

We’re on a mission to hire the very best and are committed to creating exceptional employee experiences where everyone is respected and has access to equal opportunity. We realize that new ideas can come from everywhere in the organization, and we know the next big idea could be yours!

0ur company


Changing the world through digital experiences is what Adobe’s all about. We give everyone—from emerging artists to global brands—everything they need to design and deliver exceptional digital experiences. We’re passionate about empowering people to craft alluring and powerful images, videos, and apps, and transform how companies interact with customers across every screen.

We’re on a mission to hire the very best and are committed to building exceptional employee experiences where everyone is respected and has access to equal opportunity. We realise that new ideas can come from everywhere in the organisation, and we know the next big idea could be yours.

The challenge: We are looking for an innovative and passionate software engineer with a strong interest & practical experience in designing & implementing automation testing frameworks for cloud based services.

Responsibilities:

Owning a feature from conception to delivery:
Engage with customers and product management teams (co-located in Bangalore) to understand the need and design an innovative solution.
Elaborating the feature scope through competition analysis, research on recent technologies and trends to deliver the best-in-class and often next-in-class solutions and iteratively work with customers to finesse the solution.
Writing use cases, effort estimation and planning.
Designing, coding and production support of the feature.
Handling non-functional requirements like scalability, performance, resilience. Participate in the evolution of best practices.
Display thought leadership through presentations in various aspects of computer science.
Requirements:

3-5 years of experience as a full stack developer. Knowledge of java script & java programming languages with expertise in any one. Strong computer science fundamentals & deep data structures knowledge. Strong problem solving skills.

Good to have skills:

Knowledge on AWS or any other cloud platform. Knowledge of Databases (MySQL, PostgreSQL, ORACLE etc.)

At Adobe, you will be immersed in an exceptional work environment that is recognized throughout the world on Best Companies lists. You will also be surrounded by colleagues who are committed to helping each other grow through our unique Check-In approach where ongoing feedback flows freely.

If you’re looking to make an impact, Adobe's the place for you. Discover what our employees are saying about their career experiences on the Adobe Life blog and explore the meaningful benefits we offer.

Adobe is an equal opportunity employer. We welcome and encourage diversity in the workplace regardless of gender, race or color, ethnicity or national origin, age, disability, religion, sexual orientation, gender identity or expression, or veteran status",HyperNova Systems,7750.0,Monthly,China,Chengdu
31,Flutter Developer,"Do you want to grow as a developer and build things that matter?

Are you searching for an engineering team that operates on a global scale very few companies reach? Are you looking to code and build features in one of the top-rated eCommerce mobile apps in the world? If you are a smart engineer who cares about being great at their craft, executes at a high level, and loves to work as part of a team, and have fun doing it, you should join us.

At Groupon, we have a mission to become the daily habit in local commerce and fulfill our purpose of building strong communities through thriving small businesses by connecting people to a vibrant, global marketplace for local services, experiences, and goods. In the process, were positively impacting the lives of millions of customers and merchants around the world. Even with thousands of employees spread across multiple continents, we still maintain a culture that inspires innovation, rewards risk-taking, and celebrates success. If you want to take more ownership of your career, then you're ready to be part of Groupon.

Groupon's Mobile Engineering Team is making a clear impact on our bottom line. And with the growth of our mobile marketplace, they are getting more internal and external exposure every single day. Here, you will focus on the Flutter app, which is at the heart of our story. It connects millions of Merchants with local customers and services that they love all over the world.

You will work on projects and code that directly impact the user experience. As a Senior Flutter Engineer, you will lead projects and foster engineering excellence as we challenge the status quo and take on large-scale problems. On this team, you will challenge each other, learn together, and never let a cat gif go unnoticed.

We offer the scale, scope, and impact a smart and creative developer like you craves. If you have the ambition to work on a massive scale and love owning your own road map, we want to talk to you.

Youll spend time on the following:
You will develop the code that improves our overall Merchant mobile app experience.
Work alongside other partners (such as Product Managers, Designers, UX/UI, and QA) to build and ship features that go into the main Groupon application.
Rapidly add new functionality, tackle complex problems, and ship defect-free code at a rapid pace
Work with other developers across Groupon to ensure were using the right methodologies and practices
Help build our technical execution plans and ensure we hit all expectations
Teach and mentor fellow engineers, and work to foster an environment of development and inclusivity.
Were excited about you if you have:
You need 6+ years of experience in software design and development with at least 4 years in native mobile with a BS or MS in computer science (or related field)
As an independent, self-motivated, and an avid technologist, you should have a strong interest in mobile and intuition for UX and consumer behavior
2 years of Flutter / Hybrid apps experience and 4+ years experience in iOS/Android (Java/Kotlin).
Experience writing testable code & unit tests
Experience working with other hybrid mobile platforms a plus
Experience building one or more deployed mobile applications preferred
An interest in understanding the why, and a desire to pull the thread to understand how things work
The merchant engineering team is growing significantly, and there are numerous opportunities available - were going to change the face of local commerce, and if youre up for the challenge, please get in touch!


Groupon's purpose is to build strong communities through thriving small businesses.

To learn more about the world's largest local ecommerce marketplace,
click here for the latest Groupon news.
Plus, be sure to

check out the values

that shape our culture, guide our strategy and make our company a great place to work. And just don't take our word for it.

Hear from real Groupon team members

and learn more about our inclusive employee groups. If all of this sounds like something that's a great fit for you, then click apply and let's see where this takes us.

Groupon is an Equal Opportunity Employer

Qualifications for employment, promotion, and other terms and
conditions of employment are based upon the ability to perform the job.
Equal-employment opportunities are provided to all applicants and
employees without regard to race, creed, religion, color, age, national
origin, sex, disability, medical condition, sexual orientation, gender
identity or expression, genetic information, ancestry, marital status,
military discharge status (excluding dishonorable discharge), veteran
status, citizenship status, or other legally protected status. We are
all responsible for maintaining this policy. Groupon is committed to
providing reasonable accommodations for qualified individuals with
disabilities and disabled veterans in our job application procedures. If
you need assistance or an accommodation due to a disability, you may
email us at hraccommodations at groupon.com. If you have concerns
related to Groupon’s equal employment opportunities, you may contact
Groupon's Ethics Reporting Service Ethicspoint.",LumaCore Analytics,4791.67,Monthly,China,Wuhan
32,Database Administrator,position information job title research administrator department electrical computer engineering full time/part time full-time requisition number s18494 open date 06/26/2018 close date salary information salary commensurate experience qualification work schedule monday friday 8 a.m. 5 p.m. benefit eligible yes eligible overtime position summary research administrator responsible leading administering pre- post-award activity ece faculty providing guidance training ece departmental research administrator serving departmental reviewer grant submission s/he serve designated research administrator handling financial administrative research process designated group ece faculty member includes pre- post- award activity regular communications/meetings faculty staff ethical management fund lead research administrator advises pi effective way achieve effective quality proposal coordinate timely submission process ensuring appropriate approval s/he serf compliance/oversight capacity monitoring budget spending approving capital equipment requisition providing guidance counsel stewardship sponsored research fund education required bachelor 's degree concentration / degree type substitution education requirement may substitute additional related experience beyond required equivalent year year basis lieu education requirement education preferred bachelor ’ degree business administration accounting finance experience required 3 year type experience related administrative experience includes research administration experience i.e grant proposal preparation submission various governmental agency nsf dod doe darp nih etc. substitution experience requirement may substitute additional related education beyond required equivalent year year basis lieu experience requirement experience preferred five year experience utilizing bba business related degree corporate higher education environment proficiency organizational financial management corporate higher education management grants/contracts federal/state agency experience university policy procedure highly desirable license/certification required specified license/certification preferred specified skill required intermediate knowledge word processing spreadsheet email database software program working knowledge research administration guideline regulation policy organizational skill customer service problem-solving skill preferred well-organized deadline oriented ability problem solve work independently fast pace environment utilization database system software spreadsheet excel strong written verbal communication skill write clear concise correspondence wide range topic internal / external contact work wide variety individual rice government industry external affiliate department collaborating institution physical demand must able work office environment often computer workstation much working day must able move building widely separated college campus stair requires long period sitting working front computer – eight hour per day working condition may require long hour availability outside normal working hour weekend quarterly basis due grant deadline and/or work major project office environment fast-paced sometimes stressful due interruption require successful candidate multi-tasking security sensitive yes,Solstice Digital,70500.0,Annual,Singapore,Singapore
33,Java Developer,"Paper Mart is a fast growing, innovative Industrial & Retail Packaging Company located in Orange. We have a brick and mortar back bone, (est. 1921) and have the largest packaging site on the web with over 26,000 items.

Paper Mart is looking for a sharp individual to join the IS Department. You will be working in the IS department where you will play a key role developing systems including but not limited to e-commerce website, mobile web applications, WMS, ERP and proprietary in house systems.
Software Developer Duties and Responsibilities
Ability to consistently produce clean, efficient software programs based on users specifications
Ability to integrate software components and third-party programs to meet specifications
Reliability and proficiency in verifying and deploying programs and systems
Ability to troubleshoot, debug, upgrade, and improve the performance of existing software
Collaborative mindset and willingness to recommend and execute improvements
Ability to create technical documentation for reference and reporting
Test and maintain software products to ensure strong functionality and optimization
Recommend improvements to existing software programs as necessary
Ability to clearly communicate with management, technical colleagues, and users community
Must have good knowledge of SDLC and Agile development process and can perform at each
Software Developer Requirements and Qualifications
BS/BA in Computer Science, Engineering or a related field
Significant experience as a successful Software Developer, Software Engineer, or similar role
Strong working knowledge of Agile development methodologies
Extensive experience with software design and development in a test-driven environment
Solid knowledge of C#, ASP.NET Core MVC, JavaScript, CSS, JQuery, HTML, responsive web design (using HTML5, Bootstrap Angular), Web Services, XML, JSON
Relevant experience with Sql Server databases (T-SQL, queries, stored procedures, triggers )
Ability and willingness to learn new languages and technologies
Excellent verbal and written communication skills
Resourcefulness and troubleshooting aptitude coupled with focus and follow-through
Proficient understanding of code versioning tools such SVN
Database design is a plus
Sql Server Reporting Services
Microsoft Office
Red Prairie with MOCA, and Java programming is a plus
Microsoft Dynamics – Great Plains – Dexterity development is a plus",Vertex Networks,6916.67,Monthly,China,Suzhou
34,Network Administrator,"Back
Network Data Admin-Lead
CAROUSEL_PARAGRAPH
Pune, India
Tech Hiring
2535574
Share Job
Share Job

Job Description

Key skills required for the job are: n Network Data Admin-L3, (Mandatory) and Routing and Switching-L3, (Optional).As a Lead Administrator, you should be able to act as a Single point of contact for the technical tower in front of the customer management. Ensure proper communication and quick resolution as a crisis manager. Responsible for Vendor Management and people management. nDrives day to day operations and work plan allocation/management. Conduct periodic reviews with teams. Weekly and monthly status reports to higher management. Participate in business meetings with various stake holders. Take corrective actions based on the customer satisfaction surveys. Drive service improvement programs. Ensure adherence to quality / security standards defined for the engagement Perform Trend analysis, identify top few incidents and work with respective teams/individual to minimize the incidents. Effort estimation/reviews on need basis for new projects. Minimum work experience: 5 - 8 YEARS ""As a Lead Administrator, you should be able to act as a Single point of contact for the technical tower in front of the customer management. Ensure proper communication and quick resolution as a crisis manager. Responsible for Vendor Management and people management.
Drives day to day operations and work plan allocation/management. Conduct periodic reviews with teams. Weekly and monthly status reports to higher management. Participate in business meetings with various stake holders. Take corrective actions based on the customer satisfaction surveys. Drive service improvement programs. Ensure adherence to quality / security standards defined for the engagement Perform Trend analysis, identify top few incidents and work with respective teams/individual to minimize the incidents. Effort estimation/reviews on need basis for new projects.""

Apply
Share Job
Share Job

CAROUSEL_PARAGRAPH",Meridian Analytics,24.52,Hourly,Singapore,Singapore
35,Flutter Developer,"Create multi-platform apps for Android and IOS using the Flutter development framework.
Flutter SDK & Dart programming language
Experience with mobile platforms like Android and IOS
Flutter widgets for Android and IOS
Participation in the process of analysis, designing, implementation, and testing of new apps
Developing mobile applications in Flutter
Apply industry standards during the development process to ensure high quality
Job Type: Full-time

Salary: ₹12,000.00 - ₹15,000.00 per month

Experience:
software development: 1 year (Preferred)
total work: 1 year (Preferred)
Education:
Bachelor's (Required)
Benefits:
Work from home
Flexible work hours
Industry:
IT Operations & Helpdesk
Work Remotely:
Temporarily due to COVID-19",HyperNova Technologies,68000.0,Annual,China,Nanjing
36,Machine Learning,"At Aera, we deliver the cognitive technology that enables the Self-Driving Enterprise™: a Cognitive Operating System™ that connects you with your business and autonomously orchestrates your operations. Aera's Cognitive OS leverages the best of artificial intelligence, machine learning, natural language processing, big data, and enterprise domain expertise to deliver Cognitive Automation at scale for some of the world's largest companies.

Aera Technology is looking for a Machine Learning Engineer to work from our Pune office.
Responsibilities
You will be responsible for designing, implementing, monitoring and maintaining our machine learning systems that power the Aera platform
You will be working on new and challenging Engineering Problems to operationalize Data Science
You will be working in a highly collaborative environment with other experts in Data Science, Engineering and DevOps teams
Design and implement state of the art Machine Learning approaches
Building core machine learning infrastructure, which includes distributed systems, abstractions, development tools, model hosting /serving/ inference pipelines
About You
B.E./B.Tech in Computer Science/Computer Engineering
3-8 years of experience in software engineering & architecture
At least 2 years of experience in designing and deploying Machine Learning Systems
Strong skills with Python
Experience in working with large data sets and pipelines, distributed systems for machine learning using frameworks such as Apache Spark
Experience in building Machine Learning models and experience using libraries such as scikit-learn, pandas, tensorflow, keras, etc.
Experience in technologies like Spark, Hadoop, Kafka
Take end-to-end ownership of Machine Learning systems - from data pipelines and training to the realtime prediction engine
Experience in setting up Data and ML Pipelines and ML engineering tools like MLFlow, Data Version Control
Experience in building containerized applications/microservices using Docker and Kubernetes
Experience in Agile Methodology, CI/CD, Jenkins, GIT & Jira
Should possess strong problem-solving skills
Excellent verbal and written communication skills
You take complete ownership of your work and are self-driven
Our Environment
AWS hosted infrastructure
Linux
Spark
Python
At Aera, we're on a mission to solve the biggest, most intractable challenges in the world of enterprise software. We envision the rise of the Self-Driving Enterprise: a more autonomously functioning business with a central operating system that connects and orchestrates business operations. Our Cognitive Operating System is increasingly used by the world's largest companies to fundamentally transform their organizations and how work is done.

If you share our passion for building the next generation of enterprise software, and deploying it for the most sophisticated customers in the world, you’ve met your match. Headquartered in Mountain View, California, we're growing fast, with teams in Mountain View and San Francisco (California), Bucharest and Cluj-Napoca (Romania), Paris (France), Munich (Germany), London (UK), Pune and Bangalore (India), Sydney (Australia) and Singapore. So join us, and let’s build the future of work together!",Aster Networks,122000.0,Annual,China,Guangzhou
37,Network Administrator,"Urgently reqd in a college in Mohali
Network Administrator for handling all the networking facilities in the campus
experience of at least 3 yrs must in the same field.
Male candidate Only
Job Type: Full-time
Salary: ₹11,474.00 - ₹27,240.00 per month
Schedule:
Morning shift
Experience:
work: 1 year (Preferred)
total work: 1 year (Preferred)
Network Administration: 1 year (Preferred)
Education:
Secondary(10th Pass) (Preferred)",BluePeak Consulting,94000.0,Annual,Singapore,Singapore
38,Java Developer,"What are my roles and responsibilities?
The role requires an engineer to be a part of the core engineering team and focus on development of robust, scalable, extensible software applications based on Java/J2EE technology. You will provide technical support to development teams. Your role requires development / testing different components of the application
What skills and experiences would I bring into this role?
B.E / B.Tech / MCA in computer science or a related field
Should have good knowledge of java, j2ee related technology
Good understanding of simple data structures and algorithms
Good analytical, problem solving skills and communication skills.
Self-motivated, energetic, and amicable personality
Ability to communicate clearly and effectively
Clearly demonstrated passion for programming
Focused and hardworking individual and willingness to put in extra effort as and when required.
Ability to work effectively in teams
ABOUT IDEAPOKE
Emerging Technologies | Bengaluru, India
Ideapoke is a global, fast growing start-up with offices in Bengaluru, Bay Area, Tokyo and Shanghai. Our software, search and insights power the innovation agenda of the largest Fortune 500 and Global 2000 companies worldwide.
Our growth is powered by our people and their unwavering commitment to the company-wide vision, strong work ethic and an entrepreneurial do-it-all spirit. We push the boundaries and break existing thought processes with the strong belief that innovation amplifies success in every piece of work we do and by extension, amplifying the success of our clients.
Ideapoke’s like to constantly learn, grow and make a difference. Join us and be part of our story.
Contract length: 6 months
Job Type: Internship
Salary: ₹10,000.00 per month
Schedule:
Morning shift
Experience:
work: 1 year (Preferred)
total work: 1 year (Preferred)
Education:
Secondary(10th Pass) (Preferred)
Speak with the employer
+91 9902125600",Solstice Consulting,38.46,Hourly,China,Beijing
39,Flutter Developer,"As a Mobile App Developer, you will create multi-platform apps for iOS and Android using Google’s Flutter development framework.
Minimum 1-year full-time professional developer (mobile)
Willing to work with cross-platform frameworks.
Willing to learn and work on different mobile platforms/ frameworks when needed.
Contract length: 12 months
Job Types: Full-time, Contract
Salary: ₹15,000.00 - ₹35,000.00 per month
Schedule:
Morning shift
Experience:
total work: 1 year (Required)
Location:
Ahmedabad, Gujarat (Required)
Work Remotely:
No",Zenith Innovations,102000.0,Annual,China,Nanjing
40,Wordpress Developer,"(Experience: Fresher – 4 Years) Location: Ahmedabad

Job Overview:
WordPress Developer will be responsible for various delivery and maintenance tasks across our portfolio of WordPress websites.
Job Description:
Developing WordPress, Woocommerce plugins & customization.
Developing and maintaining complex WordPress-based applications.
Supporting client queries in a fast-paced environment.
Using bug tracking, project tracking, and Git.
Developing front end using ReactJS.
A variety of miscellaneous development tasks involved in the web development life cycle from start to finish.
Heavy lifting data migration.
Skills:
Experience and knowledge in Wordpresss CMS
Strong knowledge of theme and plug-ins/widgets customization that matches with WordPress standard.
Good understanding of front-end technologies, including HTML5, CSS3, JavaScript, jQuery.
Fundamental knowledge of CorePHP and MySQL.
Knowledge of OOPS and MVC is mandatory.
Database Optimization.
Advance Knowledge of Woocommerce & Its Customization.
Good understanding of cross-platform and cross-browser issues.
Good knowledge and understanding of web services, CRM, CMS, Shopping-cart, payment gateway & other API integration, etc
WordPress plugin development.
Experience of hooks, filters, and actions.",Vertex Ventures,116500.0,Annual,Singapore,Singapore
41,Machine Learning,"PipeCandy is a 'one of its kind', 'data science' driven market intelligence platform that tracks the global eCommerce landscape. Our insights are used by well known global brands and startups. We are venture funded by India, the US, and Singapore based investors.

About the Role:

We are building a complex data product that aims to revolutionize industry intelligence by applying sophisticated machine learning & AI algorithms on millions of data points.

We are looking for a Data Scientist to ensure that the quality of this product always stays top-notch and world-class. If you love working with data, have an eye for detail and a strong adherence to quality then we’d love to hear from you.

This is a senior position where the analyst will work under the general direction of the Chief Data Scientist and senior staff in the Data Management team. The primary responsibility is to treat data as an asset and become the expert source for data standards and policy-related questions.

Key Responsibilities:

Manage the creation, deployment, and maturity of data governance processes and technology including master data, metadata, and data quality initiatives
Identify opportunities to ensure transparent, high-quality data across sources and platforms
Review, clean and add business records and formatting rules to every taxonomy/hierarchy in the product database in support of long-term data governance.
Develop processes and tools for data cleansing, de-duplicating, and other data preparation, standardization, and transformation
Collaborate with various teams to standardize data and ensure adherence to data ingestion and governance standards
Conduct root cause analysis and proposed improvement solutions
Leverage subject matter expertise to ensure data products are understood by the business users
This position requires a proficient level of experienced analytical and programming capabilities, defining requirements, developing and/or maintaining computer applications/systems, and ability to meet business needs within deadlines.

Here’s what we’re looking for in you:

Works to develop analytical/ data mining/ machine learning models using Python, R and other tools
Gather, evaluate and document requirements, ability to build an algorithm (statistical/ data mining/ machine learning) based on requirements and specifications provided
Works with data and is able conceptualize and improvise analytical solutions to problems
Ability to deploy analytical algorithms within a larger business application
Ability to visualize data and results of data analysis & analytical models
Create model documentation as per client/ regulatory standards

Qualifications & Competencies Required:

1+ years of total relevant experience
Degree in a quantitative field (Math, Statistics, Economics, Physics, and/ or Engineering, MBA)

Desired:

Ability to work with business and technology teams to build and deploy an analytical solution as per needs
Ability to multi-task, solve problems and think strategically
Strong communication and collaboration skills

Skills Required:

Experience with statistical analysis using R and Python. Experience with Spark and ML as plus
Good experience in data discovery, exploration and algorithm development
Experience with working on large data sets and developing scalable algorithms
Hands-on experience of machine learning and data mining algorithms such as decision trees, classifiers, text mining/ NLP, clustering, and regression
Exp in SAS, SPSS, or scripting languages such as Java a plus
Knowledge of Hadoop and other distributed computing platforms
Broad knowledge of data mining, NLP algorithms, machine learning algorithms and other techniques technologies
Strong analytical and problem solving skills
Excellent presentation and communication skills

Perks:

Flat organization structure with an opportunity to work very closely with the founders
Access to learning, training sessions outside of your immediate line of work
Access to group kindle account with latest titles
Stocked pantry, of course",EverGrid Digital,9750.0,Monthly,China,Beijing
42,Machine Learning,"Expires on
:
November, 30 2020
Job Code
:
VL/UT/0311/D/219
Hyderabad
Experience
:
5+ Years
Location
:
Hyderabad
We are looking for Data scientist with Lifescience domain experience
Responsibilities
Direct client interaction and need to work independently
Requirements
Really a deep Statistics knowledge along with experience in Data Science and the need to drive the topics independently with at least 5+ years of experience
Ability to do Statistical analysis, Statistical Process Control (SPC), build AI/ML models with relevant KPIs, monitoring, machine learning and visualization are the key expectations.",BrightForge Technologies,124000.0,Annual,Singapore,Singapore
43,Flutter Developer,"Responsibilities:
Design and Build sophisticated and highly scalable apps using Flutter.
Build custom packages in Flutter using the functionalities and APIs already available in native Android and IOS.
Translate and Build the designs and Wireframes into hight quality reaponsive UI code.
Write efficient queries for core Data.
Use of Model-View-Controller ( MVC) and Model-View-ViewModel-Controller (MVVM) as it relates to designing, developing architecture and developing maintainable, testable and functional software that meets product requirements.
Explore feasible architectures for implementing new features.
Resolve any problems existing in the system and suggest and add new features in the complete system.
Suggest space and time efficient Data Structures.
Follow the best practices while developing the app and also keeping everything structured and well documented.
Use CI/CD for smooth deployment.
Document the project and code efficiently.
Manage the code and project on Git in order to keep in sync with other team members and managers.
Communicate with the Project Manager regarding status of projects and suggest appropriate deadlines for new functionalities.
Ensure security guidelines are always followed while developing the app.
Validate the cloud system to ensure any new changes do not compromise security of the backend server.
Suggest new features and/or enhancements.
Consulting with our customer facing representatives about software system design and maintenance.
Interact with the Clinical Specialists and Product Manager to help understand end-user feedback.
Maintaining software through product lifecycle including design, development, verification and bug fixes.
Connect regularly with the Quality Assurance Specialist to deliver stable app.
Resolve all the bugs reported by the Quality Assurance Specialist in a timely manner.
Perform time profiling and memory leaks assessment.
Execute app verification protocol.
Write tests for the App.
Following company policies and quality procedures to ensure quality product deliverables.
Requirements:
Must Have:
Flutter: To build cross platform mobile apps for Android, IOS and Web. This should include from making responsive UIs to efficiently query data and also mange states in an optimized mannner.
Native Android and IOS: To build custom Flutter Packages.
Firebase: Should have experience with Cloud Firestore, Push Notifications, Cloud Functions and Analytics.
Adobe XD: Should know how to use Adobe XD to use the design file and use it to build the app.
Git: To manage and collaborate in different projects with the rest of the team.
Good To Have:
Angular
Bootstrap
JavaScript
Job Type: Full-time
Salary: ₹219,206.00 - ₹1,137,486.00 per year
Benefits:
Cell phone reimbursement
Commuter assistance
Food allowance
Paid sick time
Paid time off
Work from home
Schedule:
Day shift
Evening shift
Flexible shift
Monday to Friday
Morning shift
Night shift
Rotational shift
Weekends
Supplemental Pay:
Commission pay
Joining bonus
Overtime pay
Performance bonus
Quarterly bonus
Shift allowance
Yearly bonus
Experience:
flutter: 1 year (Required)
total work: 1 year (Preferred)
Education:
Bachelor's (Preferred)
Work Remotely:
Temporarily due to COVID-19
Speak with the employer
+91 7709311224",Northstar Analytics,5833.33,Monthly,China,Hangzhou
44,iOS Developer,"Position Overview:

We are looking for iOS Developers responsible for the design and development of high volume end user products aimed at a range of iOS devices. Your primary focus will be development of iOS applications and shipping the project/module you own. A commitment to collaborative problem solving, high quality code, and a passion for technology is essential.

Responsibilities:
Design and build applications for the iOS platform using Swift, Rx Swift, and Objective-C.
Gradually take on more responsibility and have a bigger impact, take on more challenging tasks, mentor others, lead a module, manage a team.
You own your modules end-to-end. We provide a sandbox to experiment and trust you to work through issues and deliver.
Stay up-to-date with technical trends. Be a part of RSL's learning culture by giving Tech Talks.
Skills:
3-5+ Years Experience.
Development experience in Objective-C, Swift or Rx Swift.
Experience with iOS frameworks such as Core Data, Core Animation, etc.
Understanding of Apples design principles and interface guidelines.
Knowledge of the iOS ecosystem and the libraries available for common tasks.
Self-motivated, eager to learn, with strong logical reasoning skills.
Passion for quality.
Perks:
Core, hands-on development work on live projects.
Great compensation packages and bonuses, directly tied to your performance.
Laid back culture, no dress code. Free daily catered lunch, free medical and life insurance.
Why Should You Join Us
Work Culture: Working under friendly and Cool environment.
No Politics: We always try to keep away from all sorts of politics.
Learn and Grow Opportunities: Working will Senior Experts on live projects will help anybody to grow.
Opportunities to Work On Technology of Startups Ideas from Scratch.
Bangalore, India’s IT Silicon Valley
Work from anywhere, we really least care about the Work Location.",BrightForge Digital,74500.0,Annual,China,Hangzhou
45,PHP Developer,"Key Skills

Laravel 5+
PHP
MySQL
JavaScript
Git

Minimum experience

1 Year +

About this job

We are looking for PHP developers with a 1 year + experience in Laravel PHP framework & MySQL. Must have working experience with Laravel 5+",Zenith Technologies,7083.33,Monthly,China,Shanghai
46,JavaScript Developer,"WW CoE (Worldwide Center of Engineering) is an organization that develops integrations of VMware products and 3rd party products into complete solutions, automates business processes and develops additional capabilities to existing products.

WW CoE consultants are engineers, who work by the highest software development standards to deliver business critical solutions to Fortune 500 top customers. WW CoE consultants interact directly with VMware customers.

To achieve this, the following VMware products are mainly but not solely used:

vRealize Automation /Orchestrator/ Operations
NSX
vCloud Director
vSphere
SaaS based VMware products

A typical day may include:

You'll translate customer business requirements into custom developed solution based on the VMware products thus you will need to:

Understand requirements, provide estimates and stick to commitments
Prepare software design
Develop solutions by using variety of languages like: JavaScript, TypeScript, YAML, Java, PowerShell, Bash, etc.
Communicate effectively with your teammates, Project Managers and clients
Follow well define Software Development Lifecycle process
Follow strict quality standards and best practices
Document well your solution
Troubleshoot

Requirements:

Experience in -

Java and/or C#
JavaScript and/or TypeScript
OOP
Software Design
SOAP and/or REST Services
Databases
Excellent knowledge in data structures and algorithms
Experience as Software Developer in Services companies
Experience with modern software development methodologies, with emphasis on software architecture and networking/infrastructure design
Experience in customer facing roles
Experience in scripting – PowerShell, Bash
Knowledge in Infrastructure – DNS, AD, OSI Layers
Excellent English
Bachelor's Degree (or higher) in Computer Science or equivalent technical training

Preferred (but not mandatory):

Understanding of virtual IT production data center and Internet hosting operations
Understanding in VMware products
Understanding Atlassian stack
Understanding OpenStack
Understanding Hyper-Scaler services like Google Cloud, AWS, Azure
Understanding in other infrastructure related software – ServiceNow, IPAM, HPSM, CISCO, F5
Ability to travel Globally up to 25% if needed

Perks

Flexible working time
Diverse team and fresh team culture
Trainings and personal development opportunities
Gradual onboarding, individual plan

Category : Services and Consulting
Subcategory: Consultant
Experience: Manager and Professional
Full Time/ Part Time: Full Time
Remote: No
Posted Date: 2020-09-28

VMware Company Overview: At VMware, we believe that software has the power to unlock new opportunities for people and our planet. We look beyond the barriers of compromise to engineer new ways to make technologies work together seamlessly. Our cloud, mobility, and security software form a flexible, consistent digital foundation for securely delivering the apps, services and experiences that are transforming business innovation around the globe. At the core of what we do are our people who deeply value execution, passion, integrity, customers, and community. Shape what’s possible today at http://careers.vmware.com.

Equal Employment Opportunity Statement: VMware is an Equal Opportunity Employer and Prohibits Discrimination and Harassment of Any Kind: VMware is committed to the principle of equal employment opportunity for all employees and to providing employees with a work environment free of discrimination and harassment. All employment decisions at VMware are based on business needs, job requirements and individual qualifications, without regard to race, color, religion or belief, national, social or ethnic origin, sex (including pregnancy), age, physical, mental or sensory disability, HIV Status, sexual orientation, gender identity and/or expression, marital, civil union or domestic partnership status, past or present military service, family medical history or genetic information, family or parental status, or any other status protected by the laws or regulations in the locations where we operate. VMware will not tolerate discrimination or harassment based on any of these characteristics. VMware encourages applicants of all ages. Vmware will provide reasonable accommodation to employees who have protected disabilities consistent with local law.",VividLabs Systems,103000.0,Annual,Singapore,Singapore
47,Database Administrator,luitpold pharmaceutical inc. daiichi sankyo group company dedicated development marketing innovative quality drug medical device healthcare professional clinic hospital across united state canada.we specialize sterile injectables well innovative product veterinary medicine use position responsible managing gentran edi application also requires knowledge database administration excellent communication technical project management skill necessary support current future operation essential duty responsibility adhere i.t jsox policy performing day day activity periodically train i.t department ’ policy per schedule provided qc department compliance jsox evaluate user request determine feasibility time required complete project consult user necessary identify current request clarify task objective prepare plan outlining step required complete change request test modification appropriate test environment prior implementing change prepare flowchart diagram necessary illustrate document sequence event follow sdlc process major project gathering requirement phase implementation recreate step taken user locate source problem rewrite program correct error support following edi transaction 810 850 856 844 845 849 867 852 create maintain edi partner profile maintain existing create new map necessary customize edi transaction specific customer item monitor daily activity troubleshoot edi error maintain current oracle database verify backup recovery availability support user community database connectivity monitor verify oracle licensing compliance qualification requirement high school diploma college technical schooling required associate ’ degree preferred five plus year experience knowledge edi ansi x12 4010 document relational database required knowledge gentran edi sterling commerce preferred knowledge crm system pivotal siebel plus knowledge bpcs erp application rpg ile iseries/as400 platform plus general knowledge cognos business intelligence product plus excellent documentation skill including flow chart requirement gathering system design experience vb/com embedded excel plus experience sql plus/sql developer sql developer tool required experience oracle client installation set-up required experience installing configuring oracle database required experience microsoft visual studio develop support console web based application strong analytical problem solving collaborative skill proficient word excel outlook strong oral written communication skill equal opportunity employer qualified applicant receive consideration employment without regard race color religion sex national origin disability status protected veteran status characteristic protected law job category,Finora Software,93000.0,Annual,Singapore,Singapore
48,Machine Learning,"Job Description
About our client:
Our Client is building India’s largest content marketplace that brings companies and content creators together to scale up content creation processes across 10 content verticals and 150+ content categories, 40+ content verticals and 40+ global languages.
Job description:
Design, develop, test, deploy, maintain and improve ML models
Implement novel learning algorithms and recommendation engines
Apply Data Science concepts to solve routine problems of target users
Translates business analysis needs into well-defined machine learning problems, and
selecting appropriate models and algorithms
Create an architecture, implement, maintain and monitor various data source pipelines
that can be used across various different types of data sources
Monitor performance of the architecture and conduct optimization
Produce clean, efficient code based on specifications
Verify and deploy programs and systems
Troubleshoot, debug and upgrade existing applications
Guide junior engineers for productive contribution to the development

The ideal candidate must -
4 or more years of experience in ML Engineering
Proven experience in NLP
Familiarity with language generative model - GPT3
Ability to write robust code in Python
Familiarity with ML frameworks and libraries
Handson experience with AWS services like Sagemaker and Personalize
Exposure to state of the art techniques in ML and NLP
Understanding of data structures, data modeling and software architecture
Outstanding analytical and problem-solving skills
Team player, an ability to work cooperatively with the other engineers.
Ability to make quick decisions in high-pressure environments with limited information.

Industry
SaaS
Work Experience
5-8 years
Salary
15+ LPA
City
Mumbai
State/Province
Maharashtra
Country
India
Zip/Postal Code
400008",NexaBridge Consulting,7208.33,Monthly,China,Shenzhen
49,Backend Developer,"About theAsianparent:
theAsianparent is a reproductive health-tech company that reaches out to 30 million mothers every month through our parenting website and app. Our vision is to improvethe overall health of pregnant women, mothers and families in South East Asia by helping them navigatetheir most important moments with data-driven solutions and information in the form of content, community and physical products.
Headquartered in Singapore, theAsianparent has offices in Vietnam, Indonesia, Malaysia, the Philippines, Thailand, India, Sri Lanka, Hong Kong and Nigeria. Our investors include Fosun, JD.com,Vertex Ventures and others.

Link: https://tickledmedia.com// https://sg.theasianparent.com/ We are looking for a Backend Engineers with 4+ years of experience to join our team. This is unique opportunity for a driven and insightful quality analyst to join the leading growth-stage start up in the most meaningful segment of the economy(parents) in the core market of Singapore. This is arole where careers are made, if you are upto the challenge, and keen to work with world-class teams

JD for MMC backend developer JOB

DESCRIPTION : Html, CSS, WordPress, Core PHP, javascript,

MUST Know - Woocommerce, E-commerce background is an advantage

RESPONSIBILITIES:
1. Designing and implementing new features and functionality

2. Establishing and guiding the website’s architecture

3. Ensuring high-performance and availability, and managing all technical aspects of the CMS

4. Keep up on the latest trends and best practices in web development

QUALIFICATIONS & SKILLS FRONTEND

1. Good understanding of front-end technologies, including HTML5, CSS3, JavaScript, jQuery

2. Excellent knowledge of WooCommerce and WordPress

3. Strong understanding and experience with SASS

4. Experience with responsive design without dependence on frameworks

BACKEND

1. Strong experience with custom WordPress theme development, including accommodating full user editability, complex layouts, and plugins that require theme customization – we don’t work with prebuilt themes so it is important to have the ability to create complex setups from scratch

2. Experience creating custom themes for use with WooCommerce

3. Experience with creating custom WordPress plugins is a plus

4. Thorough understanding of custom post types and taxonomies

5. Strong understanding of PHP and Mysql back-end development

6. An understanding of programming security best practices

7. Familiarity with issues in web design & development and accessibility is a plus

8. Familiarity with using git for source control is a plus

9. Understanding of SEO is plus

10. Knowledge of RESTful APIs

11. Proficient in integrating payment gateway on the website and managing payment gateway API's",Vertex Software,55000.0,Annual,China,Xi'an
50,PHP Developer,"What the role demands

We are looking for a PHP Developer responsible for managing back-end services and the interchange of data between the server and the users. Your primary focus will be the development of all server-side logic, definition, and maintenance of the central database, and ensuring high performance and responsiveness to requests from the front-end. You will also be responsible for integrating the front-end elements built by your co-workers into the application. Therefore, a basic understanding of front-end technologies is necessary as well.

Responsibilities
Integration of user-facing elements developed by front-end developers
Build efficient, testable, and reusable PHP modules
Solve complex performance problems and architectural challenges
Integration of data storage solutions.
Skills And Qualifications
Strong knowledge of PHP web frameworks such as CakePHP.
Understanding the fully synchronous behavior of PHP
Understanding of MVC design patterns
Basic understanding of front-end technologies, such as JavaScript, HTML5, and CSS3
Knowledge of object-oriented PHP programming
Understanding accessibility and security compliance.
Strong knowledge of the common PHP or web server exploits and their solutions
Understanding fundamental design principles behind a scalable application
User authentication and authorization between multiple systems, servers, and environments
Integration of multiple data sources and databases into one system
Familiarity with limitations of PHP as a platform and its workarounds
Creating database schemas that represent and support business processes
Familiarity with SQL/NoSQL databases and their declarative query languages
Proficient understanding of code versioning tools, such as Git",QuantumLeaf Ventures,79000.0,Annual,China,Shanghai
51,Backend Developer,"Key responsibilities:
Design, code, analyse, and test systems on Joyride iOS app
End to end feature development on mobile frontend
Writing high performance and modular front-end code
Work closely with the design and product teams to implement and polish design mocks on a precise, detailed level

Skills Required:
3+ years of experience on mobile frontend on iOS platform for a consumer business
Very good at CS fundamentals, Code design and Object-oriented programming
Expertise in writing high performant and modular front-end code
Extremely detail-oriented, with a knack for design details
Strong empathy for end-user experience
Self-driven, self motivated, and comfortable with deadlines and fast iteration cycles
Experience in unit testing
Excellent interpersonal and communication skills
Bachelors or Masters in engineering from top tier institutes, preferably related to Computer Science
Knowledge of android or backend will be a plus
Website : http://www.kiwiup.com/
Job Location : Bangalore
Years of Experience : 3 Yrs - 8 Yrs
Annual CTC : 1,000,000 - 3,000,000
Venue : 4th Floor ZedOne CONSTRUCTION BUILDING, 6, 20th Main Rd, next to SAPNA BOOK HOUSE, KHB Colony, 7th Block, Koramangala, Bengaluru, Karnataka 560095, 560095",Pioneer Data,9125.0,Monthly,Singapore,Singapore
52,DevOps Engineer,"Airbus Group India Private Limited

Airbus is a global leader in aeronautics, space and related services. In 2019 it generated revenues of € 70.5 billion and employed a workforce of around 134,000. Airbus offers the most comprehensive range of passenger airliners. Airbus is also a European leader providing tanker, combat, transport and mission aircraft, as well as one of the world’s leading space companies. In helicopters, Airbus provides the most efficient civil and military rotorcraft solutions worldwide.

Our people work with passion and determination to make the world a more connected, safer and smarter place. Taking pride in our work, we draw on each other's expertise and experience to achieve excellence. Our diversity and teamwork culture propel us to accomplish the extraordinary - on the ground, in the sky and in space.

Job Description

Now is a unique moment to join Airbus Defense and Space activities in India !

The space and defence industry is facing unprecedented opportunities and challenges in a world that is becoming more complex and less predictable. For instance, deploying payloads into space is becoming much cheaper, which opens up space to new commercial users and entrepreneurial business models.Unmanned aerial vehicles (“drones”) provide deep insight into the well-being of our fragile planet, and allow delivery of payloads into areas that are too dirty, dull or dangerous for human pilots.Drones also hold promise for moving people around congested cities.Meanwhile, the ramifications of conflicts around the world stretch all the way to the core of affluent Western democracies, both offline and online.Threats to critical infrastructure, payment systems and mainstream media for instance illustrate the asymmetric nature of many conflicts, requiring better security and protection in cyberspace.Meanwhile, governments are striving to improve the total cost of ownership of their existing military assets, such as military aircraft.They are also increasingly buying new assets as a service, in the process forcing a business model transformation upon their suppliers.

The Digital Platform which is being created now at Airbus Defence & Space is a crucial foundation for these transformations, as it enables promising internal and external use cases that improve operational performance, open up new markets, and ultimately contribute to making the world a safer place.

Your Role

As a member of our growing DevOps Engineering team, your responsibility is the day to day development and continuous enhancement of the Airbus Digital Platform as a Service (PaaS)

and Infrastructure as a Service (IaaS) layer to meet the demands of our business. The PaaS layer offers business projects across all program lines the vital building blocks they need to create new solutions for either new business services or increasing operational excellence. To be successful, you must have an automation-first mindset and deep expert knowledge in one of the core technical domains of our platform (Cloud, Container Orchestration, Big Data, API Management) as well as sound knowledge in one of the other areas. In your role, you are part of a scrum development team and build services jointly with members of other disciplines.

Your Responsibilities/Tasks

Implement new Infrastructure as a Service (IaaS) and Platform as a Service (PaaS) elements defined by the platform architecture team.
Ensure a smooth transition into operations to meet expected SLAs.
Improve existing IaaS/PaaS elements based on customer feedback, market trends, and runtime information.
Continuously increase the automation level and resilience of the IaaS/PaaS layer, i.e. in terms of self-healing capabilities and zero-touch deployment.
Harden the IaaS/PaaS layer continuously against evolving threats in close collaboration with the security team.
Qualifications

3 to 5+ years of experience in development, coding or operational engineering roles, optimally used to work in a DevOps environment.

Ability to work in a fast-paced, ever changing startup environment.

Proficiency in the following areas:
Cloud Platforms
Experience in Continuous Integration and Continuous Delivery approaches (CI/CD)
OpenShift Container Platform (OCP)/Rancher
Docker / Kubernetes
DevOps Tools (Jenkins, GitLab, Artifactory, Ansible Tower, …)
Programming Languages (Python, Ruby, …)
Test Automation Frameworks (Protractor, Molecule, Serverspec, etc.)
Infrastructure as Code / Configuration as Code
Additionally good to have skill sets in the following areas below:
Databases (MySQL, MS SQL, PostgreSQL, …)
Morpheus (CMP)
Software-defined storage and backup solutions, i.e. Commvault Hedvig
Software-defined networks, i.e. Arista
Privileged Access Management solutions
Identity & Access Management, i.e. Active Directory, Federation, ADFS, and CA
Network Security Components, i.e. Netscaler, Palo Alto, and VPN
3D Processing, i.e. GPUs, XEN
Good conceptual knowledge on the following areas:
Cloud Services
Internet of Things
API Management
Big Data platforms and toolsets
Understanding of the impact of underlying infrastructure (Compute, Network, Storage) is a must.

Understanding of the impact of security on software and how to secure your developments.

DevOps mindset (“you build it, you run it”, taking responsibility for your work, solving problems with automation, transparency, etc.).

Solid communication and interpersonal skills are a must.

Languages: English at Negotiation Level, additional languages (i.e. French, German, Spanish, Italian) are a plus.

Experience in agile project methodologies, optimally SCRUM are a plus.

Work experience in areas such as telecommunications and/or a massively cloud-driven business (cloud provider, social networks, search engines, …) is a major plus.

Success Metrics

Success will be measured in a variety of areas, including but not limited to
Consistently ensure the on-time delivery and quality (first-time-right) of the projects.
Bring innovative cost effective solutions.
Achieve the customer satisfaction.
JOB DISCLAIMER AND NOTIFICATION

We bring to the notice of all concerned that Airbus Group India Pvt. Ltd (hereinafter referred to as “AIG”) follows a fair and merit-based employee selection and recruitment practice.

Airbus Group India does not:

1. Send job offers from free email services including but not limited to Gmail, Rediffmail, Yahoo mail, Hotmail and others.

2. Authorize anyone to either collect money or arrive at any monetary arrangement in return for a job at AIG.

3. Charge / accept any form of consideration or security deposit from job seekers and applicants during any stage of the selection and/ or recruitment process.

4. Request for your credit card number or bank account number.

It has come to our attention that fake job offers under the aegis of Airbus India or Airbus Group India Pvt. Ltd. have been circulated by unauthorized personnel.

On receipt of an interview call for any job at AIG, the candidate may take some measures such as visiting the official website or career site of Airbus to get the contact details to enquire with the Human Resources department of Airbus India regarding such jobs and/or the interview details and any other relevant information.

For further information on Airbus India Careers, please click here.

Please check www.airbus.com to get the contact details and enquire with the company to confirm if any information that you have received are genuine; do not respond to any fraudulent communication.

AIG will not be responsible to anyone acting on an employment offer not directly made by Airbus Group India Pvt Ltd. Anyone making an employment offer in return for money or other type of gain is not authorized by AIG and is not offering an approved job. AIG reserves the right to take legal action, including criminal action, against such individuals/entities.

This job requires an awareness of any potential compliance risks and a commitment to act with integrity, as the foundation for the Company’s success, reputation and sustainable growth.

By submitting your CV or application you are consenting to Airbus using and storing information about you for monitoring purposes relating to your application or future employment. This information will only be used by Airbus.
Airbus is committed to achieving workforce diversity and creating an inclusive working environment. We welcome all applications irrespective of social and cultural background, age, gender, disability, sexual orientation or religious belief.",OrbitWorks Consulting,116500.0,Annual,Singapore,Singapore
53,Flutter Developer,"Job Summary
You will be developing production level apps in Flutter & working with an experienced team.
You will be coordinating with the backend team to integrate API into your application.
You will be ensuring the apps developed have a good customer experience.

Key Skills
Candidate needs good knowledge in dart along with knowledge native andoid/iOS
Should have experience/knowledge in Provider architecture.
Required Experience and Qualifications
Experience in Flutter in necessary.
Knowing how to work with Plugins and Platform-channels is a plus.

Good analytical and problem-solving skills.Â
Design and build advanced applications for the Android platform.Â
Professional development skills using Android Studio/Visual studio/Xcode.Â
Strong knowledge in XML and JSONÂ
Working with external data sources and APIsÂ
Strong knowledge of mobile UI design principles and best practicesÂ
Work on bug fixing and improving application performance.Â
Solid understanding of mobile development life cycle.

Benefits
Great environment to work in.
Community
Flexible hours
00-5.00 Years",Aster Technologies,8458.33,Monthly,China,Hangzhou
54,Backend Developer,"We are looking for an outstanding Senior Backend Developer to be responsible for the coding, innovative design and layout of our website.
Proven software development experience in React JS(Optional), MSSQL, Node JS(Express Framework), MySql, MySql Procedures, SASS/CSS(Optional), Next JS(Optional), PHP.
Preferred to have knowledge in HTML5,jQuery.
Preferred to have experience with MVC frameworks like CodeIgniter
Must have knowledge in AWS,Google cloud Products.
Planning and prototyping new applications.
Testing sites and applications in different browsers and environments.
Problem solving,fixing bugs in existing projects,testing new features thoroughly to ensure they perform the correct task in all cases.
Able to develop ideas and processes and clearly express them.
Strong organizational skills to juggle multiple tasks within the constraints of timelines and budgets with business acumen.
Job Type: Full-time
Salary: ₹30,000.00 - ₹65,000.00 per month
Experience:
work: 3 years (Required)
Education:
Bachelor's (Preferred)",GreenByte Data,102000.0,Annual,Singapore,Singapore
55,Full Stack Developer,project description looking software engineer passion delivery innovative customer facing web application amidst agile development environment working expedia one largest online travel company world get chance use technical skill working interdisciplinary team help build core next generation platform feature bring creativity desire best join u solidify position leader on-line travel ! responsibility participate design development new functionality based business functional requirement participate code review reviewer reviewee provide feedback teammate able work area outside core skill like back end development software testing part cross-engineering team work collaboratively team different location across world help team adopt technology process improve team productivity skill set participate resolution production issue lead effort toward solution skill required required strong experience javascript jquery strong experience java ideally spring similar framework experience html cs experience writing unit test automated integration test javascript framework mocha jasmine chai casper j similar framework experience working distributed team experience agile methodology nice 's javascript framework experience react experience preferred framework backbone angular accepted experience build/deploy pipeline aws experience npm package manager,Vertex Technologies,86500.0,Annual,Singapore,Singapore
56,Java Developer,"Senior Software Developer *
Americo is looking for a Senior Software Developer to join our software development team. The Senior Software Developer will be responsible for the design, development, maintenance, testing and evaluation of new or existing software applications. They will be responsible for the entire application lifecycle from research and design to implementation, training and support. Senior Software Developers are often given more complex tasks and aid with research and design on difficult or time sensitive projects or issues. They are also tasked with mentoring other Software Developers.

The Senior Software Developer will work closely with their leadership in understanding requirement and project timelines. They will also work with Software Developers to help ensure best practices and sound technical decisions are made, and that software designs adhere to architecture specifications and department standards.
KEY RESPONSIBILITIES: *
Develop web applications, web services, and backend processes for both internal and external customers
Design and maintain database structures and stored procedures
Review code written by other developers
Troubleshoot and fix issues with various existing software applications and processes
Create and review software architectures to ensure applications are efficient, scalable, and secure
Help establish and maintain software standards
Participate in and help refine Agile process
DESIRED EXPERIENCE AND ABILITIES: *
Experience designing and developing applications using the .NET Framework and .NET Core
Experience with Agile software development processes and procedures
Experience mentoring Software Developers
Experience with Azure DevOps tools and resources for application lifecycle management and source control
Strong understanding of SOLID design principles
Strong understanding of object-oriented programming and familiarity with various design and architectural patterns
Knowledge of software development and security standards
Knowledge of relational databases, preferably SQL Server
Ability to communicate effectively with both technical and non-technical individuals
Advanced troubleshooting and problem solving skills to resolve defects
EDUCATION: *
Four year college degree or equivalent work experience with a high school education
Job Type: Full-time

Benefits:
401(k)
401(k) matching
Dental insurance
Health insurance
Life insurance
Paid time off
Referral program
Retirement plan
Tuition reimbursement
Vision insurance
Schedule:
Monday to Friday
Supplemental Pay:
Bonus pay
Work Location:
One location",EverGrid Labs,71000.0,Annual,China,Guangzhou
57,PHP Developer,"Roles and responsibilities: *
We are only considering a candidate who has a minimum of 3-5 years of experience in the Laravel framework for Backend and a minimum of 2 years of experience in AngularJS for Front-End.
Develop and manage highly trafficked, highly scalable web properties with PHP using Laravel.
Must have hands-on experience with a PHP framework - Laravel, and AngularJS libraries like jQuery/Prototype/Extjs, etc.
Understand the specifications to define system requirements.
Collaborate and communicate project updates and progress to team members and clients.
Analyse, design, code, debug, test, document, and deploy changes to the system.
What we are looking for: *
Strong coding and design skills
Good command over Data Structures & Algorithms
The ability to produce bug-free and production-grade code. Experienced in developing RESTful Web Services.
Skills we consider PHP, Laravel, AngularJS, JavaScript, Bootstrap, HTML, CSS, MYSQL/NoSQL/MongoDB, Source code management(GitHub/Bitbucket).
This person will be responsible for: *
Leading a Team as Senior Full Stack Developer
Develop Enterprise Applications using PHP, Laravel, OOPs, AngularJS, JavaScript, NoSQL.
Planning, designing Web Applications. Experienced in developing RESTful Web Services.
Interaction with Clients
Quality & Timely Delivery
Helping Team Members on Technical issues
Required Candidate profile*
Extensive experience in development using PHP, Laravel, MySQL, and JavaScript, AngularJS
An eye for Detail & Quality Delivery
Ability to work in a team environment
Must meet the deadline
Knowledge of in developing RESTful Web Services
Mind Good to have experience in Android application development, Ionic Framework, Flutter.
Job Type: Full-time

Salary: ₹400,000.00 - ₹800,000.00 per year

Supplemental Pay:
Commission pay
Performance bonus
Quarterly bonus
Experience:
MongoDB/ MySql: 3 years (Preferred)
ReactJS: 2 years (Preferred)
Angular: 2 years (Preferred)
PHP: 4 years (Preferred)
Android Developement: 1 year (Preferred)
Laravel: 3 years (Preferred)
Location:
Bengaluru, Karnataka (Preferred)
Work Remotely:
Temporarily due to COVID-19",InnoWave Data,7041.67,Monthly,China,Beijing
58,Node js developer,"Key Responsibilities:
Implement Web applications using nodejs and javascript eco system
Translate client requirements to application design, and document
Translate client requirements to application design, and document
Web application low level design, db design, and UX design
Web back end development and SaaS application development
Essential Skillset/s:

Node.js, Express.js, MEANJS, Restful services, JSON,No SQL, Mongo DB, MySQL

Desirable Skill set/s:

Javascript, Angular JS, React JS, Java, AWS

Qualification:

Computer Science Graduates. B.Tech preferred

Work Experience:

Minimum – 2 , Max – 8",HyperNova Consulting,9208.33,Monthly,Singapore,Singapore
59,Node js developer,"Hiring Node JS Developer for a leading engineering services company, a client of Roljobs Technology Services Pvt Ltd.

Work Location: Mumbai

Experience: 3-6 years

Skills Required:
• Node JS
• Angular 2+
• Protractor
• ExpressJS
• RDBMS

Responsibilities Include:
• Building interactive UI design and RESTfully abstract to UI through Node.js backend
• Defining code architecture decisions to support a high-performance and scalable product with a minimal footprint.
• Integrating user-facing elements with backend server side logic
• Writing reusable, testable, and efficient code Design.",HyperNova Software,86000.0,Annual,Singapore,Singapore
60,Network Administrator,"Network Administrator Graduate Min. 2 Years We are looking for a Network
Engineer who will be
responsible for maintaining
and administering our colleges
computer networks. Your
primary duties will include
maintenance of computer
networks, hardware, software,
and other related systems,
performing disaster recovery
operations, protecting data,
software, and hardware from
attacks, and replacing faulty
network hardware components
when necessary. 13-03-2020",LumaCore Ventures,62500.0,Annual,Singapore,Singapore
61,Flutter Developer,"Would you like to be part of an organization driven by enthusiasm and oriented towards global harmony and individual empowerment?
The foothills of the Velliangiri mountains, forty kilometers from the city of Coimbatore in South India, serve as a home for the Isha Yoga Center. The center is dedicated to fostering inner transformation and creating a stable state of well-being in individuals. The large residential facility houses an active international community of brahmacharis, full-time volunteers, and visitors. Every week, thousands of people converge at the center to seek inner peace and well-being, making it a vibrant hub of spiritual growth and activity.

Read more about Isha Foundation...
Purpose of the Job
Developing the latest user-facing features that are fast, scalable
Job Responsibilities
• Develop UI for Sadhguru app
Develop UI for Sadhguru Exclusive website
Build quick proof of concepts for new features
Work closely with backend developers, designers, copywriters, QA, the product team

Would be a big plus if you have:
Start-up experience
Can do UI / UX design
Experience working on the Flutter framework.
Know how to build scalable web apps and how to run them on cloud computing platforms like AWS
Have experience with continuous integration, deployment, and monitoring

Required Competencies
Educational Qualification : Bachelor Degree
Skill Competencies : • Have 2+ years of professional experience in developing high quality React Native / React JS web apps.
Have 4+ years of professional experience with UI technologies.
Have shipped high-quality Android / iOS apps
Write highly reusable React components and know-how to layout with CSS

Experience : 4 ~ 6years
Gender : Any

What do we look for in our candidates?


Entrepeneural Spirit and an egoless nature.

Proven work ethic with utmost integrity and desire to excel and succeed.

Self motivated, passionate, empathetic and approachable.

You love to have fun, but you also take your responsibilities seriously.

Contact us
Phone: (0422) 2515609 / 2515610
Email: hrd@ishafoundation.org
Isha Yoga Center
Velliangiri Foothills
Ishana Vihar Post
Coimbatore – 641 114
Tamil Nadu, India.",Meridian Technologies,7375.0,Monthly,China,Xi'an
62,Database Administrator,announcement number 18-13 court u.s. court appeal first circuit city state boston court website http //www.ca1.uscourts.gov permanent position permanent job grade cl 25-27 minimum salary $ 44711 maximum salary $ 80064 closing date 08/24/2018 position description circuit executive 's office united state court appeal first circuit seek application position programmer/systems administrator information technology department united state court appeal first circuit court review decision district court within first circuit includes district maine massachusetts new hampshire rhode island puerto rico court also review decision federal administrative agency united state tax court bankruptcy appellate panel circuit executive 's office provides policy development administrative technical staff support judge court unit within first circuit position remain open filled preference given application received august 24 2018 programmer/systems administrator performs professional work related designing modifying adapting existing software setting-up maintaining computer system occasional travel may required representative duty include limited coordinating team court staff develop implement application automate court operation ; assisting planning design development acquisition operation integration maintenance various application equipment network operating within first circuit ; creating maintaining enhancing application using variety programming language ; developing custom report multiple department within various court unit ; administering maintaining supporting case management/electronic case filing cm/ecf program ; performing duty assigned qualification minimum qualification knowledge / familiarity following programming language html perl php java javascript vb vbscript xml jason web service ; knowledge / familiarity following technology informix dynamic server sql enterprise server mysql access microsoft window server 2008 linux share point drupal ii apache office 2010 ; least one year specialized work experience closely related work position ha demonstrated particular knowledge skill ability perform duty position preferred qualification bachelor 's degree computer science management information system related discipline preferred ; certification system management database administration also preferred ; experience cm/ecf strongly desired ; ability work independently limited supervision well team environment ; strong organizational skill proven ability prioritize multiple demand meet established deadline commitment ; ability communicate effectively orally writing wide variety people ; attention detail ability exercise common sense good judgment fast-paced environment rapidly shifting priority benefit federal benefit include paid vacation sick leave health benefit life insurance flexible benefit program long-term care retirement benefit tax-deferred saving plan miscellaneous successful candidate subject background check investigation includes fbi fingerprint check condition employment employee retention depends upon favorable suitability determination applicant must united state citizen permanently eligible work united state federal financial management reform act requires direct deposit federal wage court employee required adhere code conduct successful completion six-month probationary period required court appeal employee `` '' employee serve pleasure court court communicate qualified individual invited interview court reserve right modify condition job announcement withdraw announcement either may occur without prior written notice subsequent vacancy similar characteristic position becomes available within reasonable time original announcement court may elect select candidate original qualified applicant pool equal opportunity employer apply submit following document 1 cover letter 2 resume 3 completed ao-78 application federal judicial branch employment version dated 10/09 joanne m. cull human resource administrator office circuit executive u.s. court appeal first circuit john joseph moakley u.s courthouse 1 courthouse way suite 3700 boston 02210 application also accepted via email pdf format ijobs @ ca1.uscourts.gov application form ao-78 available http //www.ca1.uscourts.gov/sites/ca1/files/ao078.pdf note application include requested information deemed incomplete considered,Redwood Networks,4041.67,Monthly,China,Suzhou
63,Software Engineer,"What you bring:
Should have minimum 3 years of relevant experience on C Development.
Good working experience on Unix VI editor.
Good working experience on SQL server database.
Good working experience on Shell Script or Perl Script.
Added bonus if you have:
Knowledge of FIS products and services
Knowledge of the business goals, objectives and business operations for the appropriate FIS organization
Knowledge of financial services industry
Knowledge of basic financial analysis principles and ratios",SilverLine Systems,92000.0,Annual,Singapore,Singapore
64,Machine Learning,"We are looking for highly motivated Machine Learning Engineer who can help us to generate usefule insights from hightly volatiled data of Finance, Healthcare, Real Estate etc. One should be quick learner to build machine-learning solutions to communicate with complex data to make future decisions.

Responsibilities
Work closely with experienced machine learning engineers on detailed requirements and implementation of end-to-end solutions in production.
Conduct hands-on data analysis of complex data, build large-scale machine-learning models and pipelines.
Establish scalable, efficient, automated processes for large-scale data analysis, machine-learning model development, model validation and deployments.
Skills and Experience
M.S. or Bachelor in Computer Science, Machine Learning, Statistics, Applied Mathematics or related discipline
Should be aware with Python, Tensorflow, Pandas, Numpy, Matplotlib or other machine learning tools
Education in computation or other applied mathematics is a big plus
Good communication skills and ability to work with a team
Domain knowledge of Finance, Healthcare, Retail or Real Estate is also a plus.
Are you ready ?

What are you waiting for, if above mentioned job details match to skills, send us your updated resume at hello@crossml.com",CloudHarbor Analytics,116000.0,Annual,China,Nanjing
65,JavaScript Developer,"Job Location- Bangalore
Experience Level- 2 to 3 years
Skills: Angular JS, HTML5, any UI framework, Ionic would be a plus.

Interested candidates can share their resume, current & expected CTCs and notice period.

Job Type: Full-time

Schedule:
Day shift
Experience:
total: 2 years (Required)
Industry:
Software Development
Work Remotely:
No",NexaBridge Solutions,89500.0,Annual,China,Wuhan
66,Software Engineer,"As a member of our Software Engineering Group, we look first and foremost for people who are passionate around solving business problems through innovation and engineering practices. You'll be required to apply your depth of knowledge and expertise to all aspects of the software development lifecycle, as well as partner continuously with your many stakeholders on a daily basis to stay focused on common goals. We embrace a culture of experimentation and constantly strive for improvement and learning. You'll work in a collaborative, trusting, thought-provoking environment-one that encourages diversity of thought and creative solutions that are in the best interests of our customers globally.

This role requires a wide variety of strengths and capabilities, including:
BS/BA degree or equivalent experience
Advanced knowledge of application, data, and infrastructure architecture disciplines
Understanding of architecture and design across all systems
Working proficiency in developmental toolsets
Knowledge of industry-wide technology trends and best practices
Ability to work in large, collaborative teams to achieve organizational goals
Passionate about building an innovative culture
Proficiency in one or more modern programming languages
Understanding of software skills such as business analysis, development, maintenance, and software improvement
Bachelor's degree in engineering or Degree from reputed organization 2. 5+ years of Industry experience, preferably in IT industry. 3. Knowledge of Java/Spring, SQL (Sybase/Oracle), Any caching application, React 4. Strong communication skills, both written and verbal 5.Ability to work collaboratively in teams and develop meaningful relationships to achieve common goals
JPMorgan Chase & Co. is an equal opportunity employer and affirmative action employer Disability/VeteranJPMorgan Chase & Co., one of the oldest financial institutions, offers innovative financial solutions to millions of consumers, small businesses and many of the world's most prominent corporate, institutional and government clients under the J.P. Morgan and Chase brands. Our history spans over 200 years and today we are a leader in investment banking, consumer and small business banking, commercial banking, financial transaction processing and asset management.

We recognize that our people are our strength and the diverse talents they bring to our global workforce are directly linked to our success. We are an equal opportunity employer and place a high value on diversity and inclusion at our company. We do not discriminate on the basis of any protected attribute, including race, religion, color, national origin, gender, sexual orientation, gender identity, gender expression, age, marital or veteran status, pregnancy or disability, or any other basis protected under applicable law. In accordance with applicable law, we make reasonable accommodations for applicants' and employees' religious practices and beliefs, as well as any mental health or physical disability needs.",WestGate Networks,10416.67,Monthly,Singapore,Singapore
67,Database Administrator,stock plan administrator join accounting team san jose ca perform day-to-day activity administrating global equity program role responsible processing stock option releasing restricted stock unit assisting equity stock grant process globally ideal candidate excellent customer service communication skill high level accuracy ability focus detail strong technical skill position individual contributor report manager stock plan administration essential duty responsibility includes following essential duty responsibility duty may also assigned maintain equity edge merrill lynch database ensure accuracy time prepare process stock option restricted stock unit grant cancellation exercise release timely basis employee globally option equity holder assist quarterly stock grant process prepare online equity agreement grant prepare monthly equity reconciliation accounting provide nq iso rsu tax report payroll generate report equity edge database business partner respond ad-hoc request maintain trading blackout period pre-clearance interact transfer agent ensure trade settled timely initiate reconcile dwac transaction provide excellent customer service equity participant level partner across department assist internal external audit investigation relating equity matter assist preparation equity reporting global tax filing perform duty ad hoc project requested qualification bachelor ’ degree required preferably business accounting/finance related field 3+ year equity experience stock option rsus preferred experience etrade ’ equity edge online eeo platform merrill lynch plus able work independently effectively range individual ability maintain strict confidentiality material information able multi-task prioritize work tight deadline strong analytical skill accuracy attention detail required strong organization skill good work ethic excellent written verbal communication skill cep candidate plus super micro computer inc. supermicro® nasdaq smci leading innovator high-performance high- efficiency server technology premier provider advanced server building block solutions® data center cloud computing enterprise hadoop/big data hpc embedded system worldwide supermicro committed protecting environment “ keep green® ” initiative provides customer energy-efficient environmentally-friendly solution available market,SkyFoundry Software,36500.0,Annual,China,Hangzhou
68,Software Engineer,"NICE Actimize is currently seeking a technical, hands-on, customer-focused Production Support Engineer to join our growing Cloud team. This person will be responsible for leading client projects on the Cloud

Key Responsibilities
Perform operational duties including database backups, application server health, service recycling
Identify and resolve operational issues (e.g. batch failures, network issues, client data feed errors)
Monitor server performance, memory utilization, CPU, file systems, databases, batch jobs
Maintain operational documentation, e.g. incident tracking and run books.
Produce metric reports including daily production status.
Review Client support tickets and requests under service SLAs
Resolve level 2 and level 3 issues (i.e. application support, DBs and data center related issues). Document issues in customer support portal.
Provide on-call off hour support and work during non-prime shift hours
Qualifications
3 to 6 years’ experience in production support experience in with Cloud-Based hosting administration, management and performance tuning under high availability SLA environment
Experience with AWS is a bonus
Knowledge in Actimize solutions is a bonus
Experience with Unix, Linux, Windows, Tomcat, SSH, PGP and basic scripting skills
Experience with SQL Server, Oracle and MySQL
Proficiency with Perl/Windows scripting and regular expressions
Experience with and understanding of complex process and data flow
Ability to effectively and proactively communicate (both written and verbal) to various Actimize groups and Actimize clients on a daily basis
Experience with application debugging, performance, scalability
Familiarity with standard application security compliance best practices
Knowledge of fault detection and resolution processes
Experience working successfully independently and with other team members as well as developers
Ability to multi-task as required and provide rapid support in production
Must be able to provide on-call off hour support and work during non-prime shift hours",SkyFoundry Solutions,6250.0,Monthly,Singapore,Singapore
69,Java Developer,"Position: Software Developer *
Firefly is currently seeking highly skilled, ambitious, and driven candidates. Someone who is willing to go the extra mile to provide our customers with great software. You will work in a small team that is very collaborative, and team based. Along with team projects, you will be given individual projects assigned by the team manager. *
Main Responsibilities of the Position *
Data entry for new configs. *
• *Troubleshooting and fixing bug fixes reported by testing. *
Keep the team manager updated with project status to ensure timely completion. *
• *Creating and maintaining system documentation. *
Building iOS and Android applications. *
Release apps to iOS App Store and Google Play Store. *
Release beta apps for testing. *
Required skills: *
• *Experience in releasing applications to iOS App Store or Google Play Store. *
Experience with any front-end framework. *
Firm grasp of standard programming principles. *
Ability to accept input from manager and other colleagues. *
Ability to write clear, concise documentation. *
Excellent communication and interpersonal skills. *
Prefered Technical Experience: *
Ionic, Cordova, Capacitor *
Apple Test Flight *
Xcode *
Firebase *
ReactJS, Angular *
What we offer: *
Competitive salary, Full medical and health benefits, vision and dental benefits, Matching *
Simple IRA, Paid holidays, Paid time off, Paid vacation *
A fantastic rec room complete with billiards table, ping pong tables, dart board, lounge rest area, full size basketball and volleyball court *
Job Type: Full-time

Pay: $20.00 - $34.00 per hour

Benefits:
401(k) matching
Dental insurance
Health insurance
Paid time off
Vision insurance
Schedule:
Day shift
Monday to Friday
Experience:
Software Development: 1 year (Preferred)
Work authorization:
United States (Required)
Work Location:
One location
Relocation Assistance Provided:
No
Company's website:
http://www.fireflyintegrations.com/
Benefit Conditions:
Waiting period may apply
Work Remotely:
No",Solstice Solutions,7541.67,Monthly,Singapore,Singapore
70,Software Engineer,"Hello,
Mahindra First Choice Wheels Ltd - R&D IT Division
Hiring Manual & Automation Testers
EXP : 2 to 10 Years
NP : Must be lesser than 15 Days
Location : Bangalore/ Chennai/ Mumbai/ Delhi
Skill : Manual Testing, Automation Testing, Selenium Web Driver, C#, .NET, API Testing, Database Testing
Role Type : Permanent Role
Shift : UK Shift/ 12.00PM to 9.00PM & Monday to Friday
Expected Start Date: 21/12/2020
Job Type: Full-time
Salary: Up to ₹1,000,000.00 per year
Benefits:
Cell phone reimbursement
Health insurance
Internet reimbursement
Life insurance
Paid sick time
Work from home
Schedule:
Monday to Friday
Supplemental Pay:
Joining bonus
Experience:
API Testing & Database: 2 years (Required)
Selenium Web driver: 3 years (Required)
Manual Tetsing: 3 years (Preferred)
Education:
Bachelor's (Preferred)
Work Remotely:
Temporarily due to COVID-19
Speak with the employer
+91 9566093265",HyperNova Digital,102000.0,Annual,Singapore,Singapore
71,Software Engineer,"Responsibilities
Develop functional and design specifications for server components of system management solution. These features and capabilities range from appliance management, configuration, HA cluster formation, bring-up of various management services, synchronize services' state across controllers in a cluster, manage bring-up of embedded database, ensure security capabilities are adequate.
Develop server components in Java and related technologies.
Analyze the performance characteristics of back-end modules. Identify inefficiencies and bottlenecks. Propose, implement and test fixes.
Create implementation and test plans. Develop software and implement test cases according to these plans.
Ensure that work is completed on time to meet the business requirements by following procedures for source code control, unit testing, end-to-end testing, and design documentation
Ensure the stability and scalability of new features and the interoperability with pre-existing system architecture. Collaborate with other developers to select appropriate design solutions.
Communicate effectively with individuals of varying technical abilities and professional backgrounds
Qualifications
Master’s or Bachelor’s degree in Computer Science, Mathematics or similar field.
4+ years of development experience designing and implementing web based backend components in JAVA.
Strong working experience with Linux OS, OS creation and configuration of packages, such as Tomcat, databases such as Postgres.
Strong knowledge of platform management, device configuration and management for both physical and virtual appliances.
Outstanding skills with Java and Script development in Linux development environment.
Strong system level knowledge of building databases, OS, OVF, Tomcat, libcurl, SSL technologies.
Prior experience of using APIs and developing APIs of different kinds including REST
Prior experience in Storage, Network, and/or System Management is a plus.
Development experience designing and implementing backend components in Go is a plus
Excellent verbal, written, and communications skills
Ability to handle multiple concurrent activities and have a flexible, positive attitude",CloudHarbor Networks,5166.67,Monthly,China,Beijing
72,Backend Developer,"Job Summary
Published on : 26 days ago
Vacancy : 6
Employment Status : Full Time
Experience : 0 - 2 Yrs
Salary : 20000-35000
Interview Venue : BELLARY

About You

You are an experienced back-end developer who is passionate about writing great modular code and implementing back-end features that are stable and efficient
You are a team player who has a strong desire to take on responsibility and loves solving complex back-end engineering problems
A positive attitude with a desire to grow within a collaborative, inspiring team environment
Self-motivation and an infectious spirit of innovative thinking and a sharp attention to detail
In this role, you will

Implement complex business logic, create database models and write API controllers
Design, code and unit test back-end code that are functional, modular and reusable that adhere to the feature requirements, best coding practices and standard architecture design
Collaborate with other developers with many focuses including infrastructure, systems, front-end, ops etc.
Stay on top of the latest technology and design trends and actively incorporate these changes into your development process
Troubleshoot complex issues independently and seek input when stuck
What you will need to succeed

Strong understanding of functional programming concepts, database manipulation,
0-2 years of experience writing in Elixir
Minimum of 0-2 years experience in Phoenix Framework and PostgreSQL
You recognize the importance of code review and can explain what makes a good code review vs. a bad one
Experience in creating data models, REST APIs and working with JSON requests
Knowledge of software standards, HTTP protocols and web browsers
Comfortable working in a Unix environment (Ubuntu 16+)
Strong communication skills and fluency in English
Our Offer

A competitive salary based on your experience
High performance mobile workstation laptop
Start-up environment with an emphasis on learning and improvement
Be part of a multinational team that respects and encourages ideas and initiatives of your own
Be part of an upcoming business that is rapidly growing, with real responsibility and impact

Job Type: Full-time

Experience:

Elixir: 0-2 years (Required)
total work: 0-2 years (Preferred)
Phoenix Framework: 0-2 year (Preferred)

WHATSAPP YOUR RESUME ON 72-52-88-87-94 HR TEAM
Skills
front end development , Core PHP , PHP , JSON , WEB SERVICE , WebsiteDevelopment , MySQL , CSS , Smarty , HTML , SQL , IT Software ,
Qualifications
Master in Software Engineering",Zenith Analytics,6208.33,Monthly,Singapore,Singapore
73,iOS Developer,"Job Summary
We are an outsourcing company working for clients based around the world. We are looking for an iOS developer responsible for the development and maintenance of applications aimed at a range of iOS devices.
Your primary focus will be the development of iOS applications and their integration with back-end services. You will be working alongside other engineers and developers working on different layers of the infrastructure.You will be part of a startup environment with a small, agile team that moves fast and uses cutting-edge technologies, tools, and processes.
Therefore, a commitment to collaborative problem solving, sophisticated design, and the creation of quality products is essential.
Roles & Responsibilities :
Development, delivery, and maintenance of mobile applications for iOS devices.
Design and build applications for the iOS platform using Swift, Rx Swift, and Objective-C.
Improving code quality and maintainability by staying up-to-date on new technologies and development approaches.
Ensure the performance, quality, and responsiveness of the application.
Ensure the mobile platform is safe, secure, and compatible with the latest devices and iOS versions.
Provide support for the development of mobile projects and devise solutions that are maintainable and scalable.
Identify, diagnose, and resolve production issues.
Identify opportunities for process and tool improvements, and perform the implementation.
Communicate with the client around technical issues and capabilities/limitations of iOS.
Brainstorm, contribute new ideas, conceive innovative strategies, Identify and correct bottlenecks, and fix bugs.
Always be learning and working towards mastering your craft
Skills Required :
Minimum 5 years of experience in iOS Application Development.
Minimum 3 years of experience building iOS applications from scratch
Development experience in Swift and Rx Swift
Experience with iOS frameworks such as Core Data, Core Animation, etc.
Understanding of Apple's design principles and interface guidelines.
Knowledge of the iOS ecosystem and the libraries available for common tasks
Solid understanding of the full mobile development lifecycle\Experience in web service and API integration (REST, JSON, and similar)
Excellent understanding of code versioning tools, such as Git.
Experience with network communications on mobile platforms, making synchronous and asynchronous web service calls.
Must have developed apps using swift & objective C interoperability
Experience releasing an iOS app to the App Store.
Understanding of Apple's design principles and interface guidelines.
Experience with automated test suites using frameworks such as Appium
Familiarity with cloud message APIs and push notifications.
Familiarity with building location-aware apps, geofencing, Google Maps API integrations.
Familiarity with audio streaming and in-app audio players.
Familiarity with audio encoding and conversion of audio formats.
Programming Languages needed:
Objective-C (Preferred)
Swift (Preferred)
Job Type: Part-time
Salary: ₹75,000.00 - ₹100,000.00 per month
Schedule:
Day shift
Evening shift
Morning shift
Education:
Bachelor's (Preferred)
Experience:
total: 5 years (Preferred)
iOS development: 5 years (Preferred)
Work Remotely:
Yes",EverGrid Systems,99000.0,Annual,Singapore,Singapore
74,PHP Developer,"Position Description

In your role you will be helping the develop into the product features that are envisioned by the SMEs based on the client needs.
You will also help solve critical performance and technical challenges that come with an evolving enterprise application. You will do this in a team setting as part of an agile team.

You will be part of a SAFe ART, and will work with a team to transform and integrate a new module build on PHP, into an existing product.

You will also be adding features to the existing application and will be working with a close knit team of subject mater experts to ensure the application will be export quality and help implement with multiple clients.

Total Experience 6- 9 Years
Location :- Bangalore

Primary Skillset:

PHP, HTML5, CSS, JAVASCRIPT, MYSQL
Good experience and expertise with developing using PHP and Angular.
Excellent analytical skills.
Good communication skills and ability to work independently

Secondary Skillset:

ASP.net, Angular 2+, C#.

Skills
HTML
PHP
CSS
ASP.NET
MySQL
.NET
JavaScript
What you can expect from us

Build your career with us.

It is an extraordinary time to be in business. As digital transformation continues to accelerate, CGI is at the center of this change—supporting our clients' digital journeys and offering our professionals exciting career opportunities.

At CGI, our success comes from the talent and commitment of our professionals. As one team, we share the challenges and rewards that come from growing our company, which reinforces our culture of ownership. All of our professionals benefit from the value we collectively create.

Be part of building one of the largest independent technology and business services firms in the world.

Learn more about CGI at www.cgi.com.

No unsolicited agency referrals please.",CloudHarbor Systems,4625.0,Monthly,China,Chengdu
75,Node js developer,"Node.js Developer who has experience building back-end services and managing data exchange between the server and user-facing applications. Responsibilities will include the development of back-end logic, definition and maintenance of the database and maintaining the best possible performance, quality and responsiveness of the application.
- Mongo DB
- Nodejs with ES6
- Typescript
Job Type: Full-time
Salary: ₹600,000.00 per year
Benefits:
Health insurance
Work from home
Schedule:
Monday to Friday
Experience:
software development: 3 years (Required)
total work: 3 years (Required)
node js: 3 years (Required)
Education:
Bachelor's (Required)
Work Remotely:
Temporarily due to COVID-19",Vertex Solutions,96500.0,Annual,China,Xi'an
76,Machine Learning,"Key Responsibilities: Team leads for small or module leads for large teams. Responsible for delivery of assigned module/ components /phases of a project.Responsible for people Management, including goal setting and providing performance feedback.Responsible for Status reporting .Responsible for Knowledge transfer and arriving at SLAs for steady state.Technical problem solving skills. Job Requirement and Skills Has a good practical understanding of technology and its application. Good grasp of technology and tools used for development. Good design skills and architectural skills in the technical area.Fair amount of domain expertise gained through working on the application or certification programs (if working in a vertical).Good understanding of the sphere of activities in a horizontal domain. Anticipates and resolves potential problems , handles escalations. Supervisory Level: Works under general supervision with few direct instructions. Carries out routine and semi-routine tasks. Provides input to project-related decisions.People Interactions Within own team or department at operational level.Contact with user/customer at peer / first /middle management level. Qualifications

About ECS

ECS is one of the world's leading professional services companies, transforming clients' business, operating and technology models for the digital era. Our unique industry-based, consultative approach helps clients envision, build and run more innovative and efficient businesses. Headquartered in the U.S., ECS is ranked 205 on the Fortune 500 and is consistently listed among the most admired companies in the world. Learn how ECS helps clients lead with digital at www.theecsinc.com or follow us on Twitter:ECS.",Vertex Labs,141500.0,Annual,Singapore,Singapore
77,PHP Developer,"Experience in WordPress and other CMS is must.
Experience in Yii Framework, Angular JS
Excellent knowledge in PHP5.x
Excellent knowledge of OOPs
Excellent skills in JavaScript
Excellent skills in any one MVC framework (Zend, Cake PHP, CodeIgniter, Yii)
Excellent skills in MySQL5 (Indexing, Scaling MYSQL)
Key Skills
codeIgmater
javascript
Cake PhP
Yii
Zend
OOPs
Please Send Your Resume To This Email contact@skginfosolutions.com",VividLabs Software,7041.67,Monthly,Singapore,Singapore
78,DevOps Engineer,"Job Requisition ID #
20WD42374

Position Overview :

Autodesk is looking for Site Reliability Engineer to join our talented Operations Engineering and Architecture team. If you are a reliability engineer or DevOps engineer, we want you to join!Autodesk, the leading Design and Engineering software company, is transitioning to the cloud! As a global leader in 3D design, engineering, and entertainment software, Autodesk helps people imagine, design, and create a better world. Autodesk accelerates better design through an unparalleled depth of experience and a broad portfolio of software to give customers the power to solve their design, business, and environmental challenges. In addition to designers, architects, engineers, and media and entertainment professionals, Autodesk helps students, educators, and casual creators unlock their creative ideas through user-friendly applications.

What drives you? Are you passionate about AI, Automation, Innovation and Cloud Ops technologies? Come work with the team and use your expertise and skills to design, build and support the platforms. You will be working closely with the engineering and enterprise application teams to ensure systems are secure, highly available and scalable. Your experience and scripting skills will help you automate scaling and management of server resources and implement code for zero-downtime deployments and to facilitate DevOps practices. This position offers an outstanding opportunity for a unique individual who possesses solid scripting background

Responsibilities :
Responsible for defining systems architecture of Cloud Hosted enterprise solutions
Implement Continuous Delivery mechanism
Automate the manual processes using suitable scripting language
Clearly document architecture & infrastructure
Define & adhere to rigorous change management policies
Develop appropriate technical diagramming to show interconnectivity of interacting systems and networks.
Drive and improve performance, scalability, security and availability
Monitor, recommend and implement tools
Optimize scaling/performance of networks, servers, monitoring and storage systems.
Implement preventative and corrective measures
Liaise with hosting partners to troubleshoot problems.
Perform root cause analysis of critical outages
Responsible for driving the process for efficient (and complete/secure) backup and restore
Minimum Qualifications :
Bachelor’s degree in Computer Science, Computer Engineering or a related field, plus 7 years of progressive professional experience
2-4 years’ experience in Java programming
AWS 2+ years of experience with knowledge on AWS technologies like EC2, Lambda, ELB, S3, CloudWatch, IAM, KMS, VPC, Dynamo DB, RDS.
DevOps experience, with automation experience with configuration tools and management tools.
Scripting skills - Python and shell scripting.
Problem Solving Ability – Ability to analyze and resolve infrastructure issues and deployment issues.
Develop scalable Cloud solutions
Experience with creation and maintenance of Hosting Environments
Experience with Maven, Jenkins and GitHub
Experience with Apache, Tomcat, Jetty or similar servers.
Understanding, diagnostics, troubleshooting of Java based applications
Experience with automation or scripting (e.g. Shell/Python/Perl/Ruby)
Experience with Linux and Windows operating systems
Knowledge of networking and security concepts
Strong written and verbal skills
#LinkedIn

At Autodesk, we're building a diverse workplace and an inclusive culture to give more people the chance to imagine, design, and make a better world. Autodesk is proud to be an equal opportunity employer and considers all qualified applicants for employment without regard to race, color, religion, age, sex, sexual orientation, gender, gender identity, national origin, disability, veteran status or any other legally protected characteristic. We also consider for employment all qualified applicants regardless of criminal histories, consistent with applicable law.

Are you an existing contractor or consultant with Autodesk? Please search for open jobs and apply internally (not on this external site). If you have any questions or require support, contact Autodesk Careers.",Pioneer Software,105000.0,Annual,Singapore,Singapore
79,Wordpress Developer,"Skill Set : PHP or HyperText Preprocessor, CSS and HTML, JavaScript, Basic Photoshop, BootStrap and MySQL, Business Skills

Experience Required : 2-5 years

Description :

Job Description:

-Proven work experience as a WordPress Developer.

-Knowledge of front-end technologies including CSS3, JavaScript, HTML5, and jQuery.

-Knowledge of code versioning tools including Git, Mercurial, and SVN.

-Experience working with debugging tools such as Chrome Inspector and Firebug.

-Good understanding of website architecture and aesthetics.

-Ability to project manage.

-Good communication skills.",BluePeak Software,6291.67,Monthly,Singapore,Singapore
80,Software Engineer,"Software Engineer (Pune + 90784)
Who are we?
Every day, billions of transactions, calls and messages that hold the world’s communications fabric together run on systems that Amdocs has helped to create.

Because we work with some of the largest and most innovative companies on the planet, our work makes an impact. Over the past four decades, we have continually reinvented ourselves, and as we keep moving into exciting new areas such as media, gaming, IoT, 5G, cloud services and more, there are always opportunities for us to grow and develop. We will nurture your entrepreneurial instincts with open doors and promote your ability to seize the day. Our company is built of amazing people, a supportive atmosphere and a culture built on mutual support, respect and a “feel good factor” that can only happen in a workplace built by the kind of people that Amdocs employs.

Make your career journey with us.
In one sentence
Responsible for design, develop, modify, debug and/or maintain software systems.

Responsible for one or more specific modules within a large software system scope
What will your job look like?
You will design, develop, modify, debug and/or maintain software code according to functional, non-functional and technical design specifications.
You will follow Amdocs software engineering standards, applicable software development methodology and release processes, to ensure code is maintainable, scalable , supportable and demo the software products to stakeholders
You will investigate issues by reviewing/debugging code, provides fixes and workarounds, and reviews changes for operability to maintain existing software solutions.
You will work within a team, collaborate and add value through participation in peer code reviews, provide comments and suggestions, work with cross functional teams to achieve goals.
You will assume technical accountability for your specific work products within an application and provide technical support during solution design for new requirements.
You will be encourage to actively look for innovation and continuous improvement, efficiency in all assigned tasks.
All you need is...
Total Experience- 2- 4 years

Hands-on experience in Java 1.8 , Spring Boot , RestAPI development, JUnit Unit testing , Unix/Linux , shell scripting, Windows , Oracle SQL.

Understanding of Microservices development, DevOps and CICD and tools for CI is important.

Knowledge / experience in Hibernate and cloud framework / MS architecture , Agile / SAFe methodologies for software development is preferred.

You will be required to work in an Agile environment on the scrum team to design the back end system in a leading service provider for their promotions and rewards.

Independently develop the requirements on the user stories.

Actively participate in User story refinement , design of the solution and develop the same to meet or exceed the acceptance criteria. Also one should be open to support testing when required and coordinate to resolve cross team dependencies impeding progress. Able to perform debugging and triaging of issues and provide fixes as required ; especially in high pressure situations.

Excellent verbal and written communication skills and ability to work in a collaborative manner with peers across different time zones. Passionate about good design and code quality and have strong engineering practices.
Why you will love this job:
You will be challenged with design and develop new software applications
You will have the opportunity to work in a growing organization, with ever growing opportunities for personal growth
You will have the opportunity to work with the industry most advanced technologies

Software Engineer (Pune + 90784)",Northstar Consulting,46500.0,Annual,China,Xi'an
81,Django Developer,"We are looking for a Python(Django) Web Developer responsible for managing the interchange of data between the server and the users.
Your primary focus will be the development of all server-side logic, ensuring high performance and responsiveness to requests from the front-end.
You will also be responsible for integrating the front-end elements built by your co-workers into the application; therefore, a basic understanding of front-end technologies is necessary as well.
Responsibilities :
Writing reusable, testable, and efficient code
Design and implementation of low-latency, high-availability, and performance applications
Integration of user-facing elements developed by front-end developers with server side logic
Implementation of security and data protection
Integration of data storage solutions {{may include databases, key-value stores, blob stores, etc.}}
Skills And Qualifications :
Expert in Python, with good knowledge of Python web framework Django
Familiarity with some ORM (Object Relational Mapper) libraries
Able to integrate multiple data sources and databases into one system
Good understanding of server-side templating languages
Basic understanding of front-end technologies, such as JavaScript, HTML5, and CSS3
Knowledge of user authentication and authorization between multiple systems, servers, and environments
Understanding of fundamental design principles behind a scalable application
Familiarity with event-driven programming in Python
Understanding of the differences between multiple delivery platforms, such as mobile vs desktop, and optimizing output to match the specific platform
Able to create database schemas that represent and support business processes
Strong unit test and debugging skills
Proficient understanding of code versioning tools Git
Expected Start Date: 2/11/2020

Job Types: Full-time, Walk-In

Salary: ₹30,000.00 - ₹50,000.00 per month

Supplemental Pay:
Performance bonus
Yearly bonus
Experience:
work: 2 years (Required)
total work: 2 years (Required)
Python: 2 years (Required)
Education:
Bachelor's (Required)
Work Remotely:
Temporarily due to COVID-19",QuantumLeaf Networks,8291.67,Monthly,Singapore,Singapore
82,Wordpress Developer,"Job Title: WordPress Developer

Experience: 1-3 years

Department: Web Design

Eligibility : Graduate in any Discipline

Job Summary: We are currently seeking a full-time, Wordpress developer to join our team in Webdura Technologies, Infopark, Kochi.

Duties would primarily consist of develops custom, often complex WordPress-based solutions, Provide leadership in finding/developing new technologies and methods to advance the company’s web offerings. Aids other developers with system design and implementation.

Applicants will be expected to provide examples of work, if available, and may be asked to complete a coding challenge.

Professional Skills

• Strong knowledge of WordPress / WooCommerce.

• Understanding the full behavior of PHP, MySQL, Bootstrap, Jquery, JavaScript, CSS, Ajax

• Knowledge of front-end technologies, such as JavaScript, HTML5, CSS3, JQuery, etc;

• Familiarity with SQL/NoSQL databases and their declarative query languages

• Proficient understanding of code versioning tools, such as SVN, Git, Bitbucket

• Strong skill of Linux, Nginx

• Experience of web deployment, maintenance, operation

• Experience in developing and deploying e-commerce solution is desired

• Strong skills in Social media API integrations, Payment gateway API

• integrations, API development is desired

• Experience in AWS/Cloud Server environment is desired

• Good understanding of architecture and design of WordPress based websites

• Expert at creating custom plugins.

Must-Have Skills

• Must have dedication and commitment towards work

• Must possess good English communication skills & must be a good team player

• Should be polite in communications, especially while communicating to client / onsite

Job Type: Full-time

Schedule:
Day shift
Experience:
WordPress: 1 year (Preferred)
work: 1 year (Preferred)
total work: 1 year (Preferred)
Education:
Bachelor's (Preferred)",InnoWave Labs,87500.0,Annual,Singapore,Singapore
83,DevOps Engineer,"We're ADVANCED

We’re one of the UK’s largest and fastest growing software companies. True partnership is the defining thing that enables us to stand out from the competition. We pride ourselves on delivering focused software solutions for the public sector, enterprise commercial and health & care organizations that simplify complex business challenges and deliver immediate and high-quality value.

POST TITLE: DevOps Engineer

LOCATION: Bangalore - India

REPORTING TO: Respective Line Manager

EXPERIENCE LEVEL: 3-6 Years

JOB DESCRIPTION:

Exciting opportunity to join the DevOps Centre Of Excellence as a DevOps Engineer.

The successful candidate will work with teams across the business. Working with multiple technology stacks in a wide variety of environments. The role will involve:

o Creating and enhancing automation (CI/CD)

o Expanding the toolchain functionality and availability, including adding integration points to the toolchain API

o Working with teams to improve processes

o Defining and delivering key development and operational patterns and practices.

The candidate will need to have a positive attitude and a strong desire to learn. The team works very closely together and the candidate will need to be a strong fit able to work with all team members as well as independently.

Key to success in the role is:

o Able self manage multiple concurrent small projects, including managing priorities between projects

o Strong problem solving

o Able to quickly learn and on-board new technologies

o Strong communication and documentation skills

The successful candidate will work with the following key technologies and should be skilled in at least 2 of the following, with knowledge of at least 4

o Jenkins Build Pipelines (Groovy)

o Node.js

o AWS CloudFormation

o PowerShell

o Bash

o Docker

o AWS Services (EC2, ECS, S3, IAM, SNS, SQS, Lambda, API Gateway)",EverGrid Innovations,10541.67,Monthly,Singapore,Singapore
84,iOS Developer,"Job title: Software Engineer (IOS Developer)

Siemens
founded the new business unit Siemens Advanta (formerly known as Siemens IoT
Services) on April 1, 2019 with its headquarter in Munich, Germany. It has been
crafted to unlock the digital future of its clients by offering end-to-end
support on their outstanding digitalization journey. Siemens Advanta is a
strategic advisor and a trusted implementation partner in digital
transformation and industrial IoT with a global network of more than 8000
employees in 10 countries and 21 offices. Highly skilled and experienced
specialists offer services which range from consulting to craft &
prototyping to solution & implementation and operation – everything out of
one hand!

Before
our software developers write even a single line of code, they have to
understand what drives our customers. What is the environment? What is the user
story based on? Implementation means – trying, testing, and improving outcomes
until a final solution emerges. Knowledge means exchange – discussions with
colleagues from all over the world. Join our Digitalization Technology and
Services (DTS) team based in Bangalore and enjoy the freedom to think in
completely new categories!

This is your role. What part will you play?
As
IOS developer responsible for research, design, coding, debug and testing
of new or existing features
Crafting
and integrating software applications running on multiple platform types
into overall architecture
Ability
to efficient communicate product architectures and support engineers for
design and problem-solving proposals and negotiate options with onsite
partners.
the
newest technology in encouraging the aim of the company and the product
We
don’t need superheroes, just super minds
You
must have Qualification: BE / B.Tech / MCA / ME / M.Tech with minimum 3+
years of Confirmed experience in IOS development
Must
have ability to write clean code, hands-on experience in unit testing
Must
have strong knowledge of SOLID principles
Must
have hands on experience of design pattern
Must
have knowledge in data structures and analysis techniques
Experienced
in source control and partnership tools like GIT and TFS
Experience
in overall architecture of software applications for products and
solutions
Strong
analytical and problem-solving abilities, with quick adaptation to new
technologies and methodologies
Understanding
of agile development, and scrum methodology is desirable
Excellent
Written and Verbal communication skills
We’ve got quite a lot to offer. How about you?

This
role is in Bangalore, where you’ll get the chance to work with teams impacting
entire cities, countries – and the craft of things to come.

We’re
Siemens. A collection of over 379,000 minds building the future, one day at a
time in over 200 countries. We're dedicated to equality, and we encourage
applications that reflect the diversity of the communities we work in. All
employment decisions at Siemens are based on qualifications, merit and business
need. Bring your curiosity and creativity and help us craft tomorrow.

Find out more about Siemens
at: www.siemens.com/careers

Organization: ADVANTA

Company: Siemens Technology and Services Private Limited

Experience Level: Experienced Professional

Job Type: Full-time",Northstar Data,100500.0,Annual,Singapore,Singapore
85,iOS Developer,"Designing and building mobile applications for Apple’s iOS platform.
Collaborating with the design team to define app features.
Ensuring quality and performance of application to specifications.
Identifying potential problems and resolving application bottlenecks.
Fixing application bugs before final release.
Publishing application on App Store.
Maintaining the code and atomization of the application.
Designing and implementing application updates.
Contract length: 3-6 months
Part-time hours: 40 per week
Job Types: Full-time, Part-time, Temporary, Contract
Salary: ₹25,000.00 - ₹40,000.00 per month
Schedule:
Flexible shift
Experience:
work: 4 years (Preferred)
total work: 5 years (Preferred)
iOS: 4 years (Preferred)
Education:
Bachelor's (Preferred)
Programming Languages needed:
Objective-C (Preferred)",Cobalt Innovations,88000.0,Annual,China,Guangzhou
86,Network Administrator,"Is managing large networks and building data centers your cup of tea? Then you will thrive and grow with our IT team. We are looking for IT rock stars with a zeal to become IT managers and Senior consultants. You will build new IT infrastructure from the bottom up.
Responsibilities
Windows and Linux systems, business applications, anti-virus protection, email and authentication administration.
Perform software and application development, installation, and upgrades.
Plan and implement network security, including building Firewalls, managing host security, file permissions, backup and disaster recovery plans, file system integrity, and adding and deleting users.
Evaluate and/or recommend purchases of computers, network hardware, peripheral equipment, and software.
Install, configure, and maintain workstations, file Servers, Ethernet networks, network cabling, and other related equipment, devices, and systems; adds or upgrades and configures modems, disk drives, data acquisition boards, CD ROM units, printers, and related equipment.
Troubleshoot networks, systems, and applications to identify and correct malfunctions and other operational difficulties.
Network administration (including backup, security management, user account management, e-mail systems including e-mail web server, Internet access, office systems and applications support).
Supports server, network and desktop hardware, software and applications.
Plans, implements, and supports the network and computing infrastructure plan.
Manages small to medium sized projects according to agreed upon budgets and schedules.
Network Infrastructure design and troubleshooting; WAN and TCP/IP administration; Software/Hardware, testing, maintenance, support; and advanced end-user support.
Ability to identify and resolve computer system malfunctions and operational problems.
Ability to provide technical training to end users and learn and support new systems and applications.

Platforms/Applications
Linux, ClearOS, Windows Server 200x, Windows XP to 7, VMWare, MS Office, MS Exchange, Tally , PeopleSoft or any ERP system, LAN/WAN, WMS systems, Microsoft SQL support
Minimum Qualifications
2 year Associate’s Degree
4+ years experience PC and network support experience in a Unix/Microsoft environment.
Computing and network hardware and peripheral equipment.
Knowledge of computer and/or network security systems, applications, procedures, and techniques.
Windows Servers and desktop products.
Demonstrated ability to administer a 250+ node network including Firewalls.
Demonstrated ability to support networked printers and photocopiers.
Preferred Qualifications
Any Graduate with completion of echnical courses like GNIIT (which involves more than 1 years of technical training), MCSC,/MCSE, MCP, Red Hat Certified RHCE, VCP etc.
Experience with ClearOS, SAN/NAS.
Experience with Cloud based networks.
Minimum 2 years experience as Windows Systems Administrator
Minimum 2 years experience as a Linux Systems Administrator
Supervising or training juniors, and being the consultant for computer problems beyond the knowledge of technical support staff.",Meridian Solutions,6333.33,Monthly,Singapore,Singapore
87,Network Administrator,"Submission of MIS
Data management & system networking
Queries resolving
Application maintenance
Hardware maintenance
SQL data maintenance
Job Type: Full-time
Salary: ₹25,000.00 - ₹35,000.00 per month
Schedule:
Day shift
Supplemental Pay:
Overtime pay
Experience:
work: 1 year (Preferred)
total work: 1 year (Preferred)
Network Administration: 1 year (Preferred)
Education:
Secondary(10th Pass) (Preferred)
Industry:
Medical Technician
Work Remotely:
No",SilverLine Labs,6125.0,Monthly,China,Xi'an
88,Machine Learning,"About the role
In this role you will:
Be working on all aspects of a production machine learning system. You will be acquiring data, training and building models, deploying models, building API services for exposing these models, maintaining them in production, and more.
Work on performance tuning of models
From time to time work on support and debugging of these production systems
Work on researching the latest technology in the areas of our interest and applying it to build newer products and enhancement of the existing platform.
Building workflows for training and production systems
Contribute to documentation
While the emphasis will be on researching, building and deploying models into production, you will be expected to contribute to aspects mentioned above.
About you
You are a mid-career machine learning engineer (or data scientist). Our ideal candidate is someone with 6-20 years of experience in data science.
Must Haves
You should be experienced in framing and solving problems with the application of machine learning or deep learning models.
Knowledge of and experience in computer vision. A large part of our work revolves around computer vision, and you should have worked on this in a production environment.
You have experienced that and understand that modelling is only a small part of building and delivering AI solutions and know what it takes to keep a high-performance system up and running.
Our usage of libraries and tooling is oriented around Python, Tensorflow and Pytorch, so we would want you to have a good understanding of and experience in applying these.
We build our own services, hence we would expect you to have knowledge of writing APIs.
An enthusiasm and drive to learn and assimilate the state of the art research. A lot of what we are building will require innovative approaches using newly researched models and applications.
Good to Have
Our stack also includes languages like Ruby, Go and Elixir. We would love it if you know any of these or take interest in functional programming.
Knowledge of and experience in ML Ops and tooling would be a welcome addition. We use Docker and Kubernetes for deploying our services.
Experience in using any other platform, frameworks, tools.
Other things to keep in mind
If you are interested, you also have the opportunity to mentor interns and junior team members from time to time. If you have not done this before, we will help you through coaching.
This is an opportunity to positively impact billions of people, and we hope you like it as much as we do.
Job Type: Full-time
Salary: ₹1,500,000.00 - ₹3,000,000.00 per year
Schedule:
Monday to Friday
Morning shift
Experience:
Machine Learning: 1 year (Preferred)
work: 1 year (Preferred)
total work: 1 year (Preferred)
Education:
Secondary(10th Pass) (Preferred)",BluePeak Networks,75000.0,Annual,China,Suzhou
89,Software Engineer,"We're changing the way enterprises think about Security. Our goal is to be the leading cloud security and analytics platform globally. It's time for smart cloud/web security, we innovate the way security is done, i.e. that we provide a cloud-based service as opposed to traditional on-prem solutions. Our patented Cloud XD technology eliminates blind spots by going deeper than any other security provider to quickly target and control activities across thousands of cloud services and millions of websites. With full control from our cloud, our customers benefit from 360-degree data protection that guards data everywhere and advanced threat protection that stops elusive attacks. At Netskope, we call this smart cloud security.

Netskope is the leader in cloud security. We believe that people and companies should be able to collaborate without limits, working safely across the cloud, web, devices, and locations. Our corporate leadership is clear, open, and honest, leaders share what's happening in the company, and all employees make a big impact. Recognized as a leader in Gartner's Magic Quadrant, on Glassdoor and Fortune Magazine as one of the top 100 cloud companies in the world, and as one of the three fastest-growing cybersecurity companies, Netskope is a fast-moving company built to be the strategic enterprise security partner for a long time to come. Netskope is headquartered in Santa Clara, California. Visit us at www.netskope.com and follow us on Twitter@NetskopeandFacebook.

Within Netskope Engineering department, Security Services organization is responsible for building core security products and features, such as Data Loss Prevention, Malware and Threat Prevention, Cloud Confidence Index, Breach and Anomaly Detection. We apply Artificial Intelligence and Machine Learning technologies across Netskope cloud security platform. We are looking for talented software engineers to join a newly created security efficacy engineering team. A successful candidate has deep technical expertise in malware detection, URL filtering, web security, threat modeling, and SaaS/IaaS security product development. You will have the opportunity to work with a team of talented engineers, researchers and data scientists to solve the most challenging cloud security problems.

Responsibilities:
Discover , analyse and provide mitigation for latest security threats and malware.
Design, develop, test and productize security content updates across multiple security product lines.
Ensure continuous high efficacy on all Netskope products, through well designed internal testing and collaboration with 3rd-party testing agencies.
Respond to customer escalations. Cover latest threat discovered. Ensure the detection of Netskope threat protection.
Work closely with data scientists, threat researchers, software engineers and QE engineers ensure our solutions deliver continuous security values to end customers.
Be an evangelist of secure SDLC within the company.
Collaborate with data analytics team to define new platform requirements and continuously improve our horizontally scalable data lake.
Qualifications/Requirements:
First of all, must have true startup spirit. Be willing to wear multiple hats and deliver end-to-end.
Ability of thinking out-of-box and evaluating results based on customer value.
Experience in developing security content updates (e.g. Yara), threat response, and working with threat intelligence feeds.
Industry experience in at least one of the following fields: modern malware detection technologies, URL filtering, IDS/IPS, ML-based anomaly detection technologies.
Threat research and reverse engineering experience highly desirable.
Data mining and machine learning experience highly desirable.
Proficient in at least one of these programming languages: Python, Java, C/C++.
Working knowledge of SQL and NoSQL databases.
Working knowledge of big data platform highly desirable.
Energetic self-starter, with the desire to work in a dynamic fast-paced environment.
Excellent verbal and written communication skills.
Ability to influence without authority.
BS in Computer Science or equivalent technical degree required, MS preferred
#LI-GS1",NexaBridge Digital,121500.0,Annual,Singapore,Singapore
90,Database Administrator,job code 403033 staff assistant iii duty & responsibility reporting director technology transaction position assist coordination otd ’ agreement processing function utilizing central departmental system position primarily responsible performing broad range project assignment administrative/clerical duty including interpretation preparation entry editing reporting data related executed agreement responsibility include limited support internal approval process sponsored research agreement includes coordinating multiple university stakeholder otd transaction team ensure research proposal compliant harvard research policy support management otd ’ relationship university research administration office including account set-up university research administration office track manages execution sponsored research agreement uploading university database support management execution license agreement serf primary contact liaison obtaining signature agreement party input data department agreement intake form review edits maintains variety data record central system answer inquiry provides information supervisor otd staff needed basis prepares assist preparing various administrative report performs task special project assigned assist general office support task needed 5-year term position basic qualification three year related similar experience education beyond high school may count towards experience competency using variety computer software including word-processing data entry spreadsheet database software knowledge experience additional qualification college degree strongly preferred must flexible detail oriented able prioritize handle multiple task simultaneously must self-motivated committed working part team must posse excellent written oral communication skill demonstrates sound judgment applying established procedure correctly determining refer problem supervisor additional information 5-year term position job function general administration sub-unit office president provost location usa - - cambridge department otd time status full-time union 55 - hvd union cler & tech worker salary grade 053 appointment end date 14-may-2023 pre-employment screening criminal identity schedule full-time monday friday 35 hour per/wk eeo statement equal opportunity employer qualified applicant receive consideration employment without regard race color religion sex national origin disability status protected veteran status gender identity sexual orientation pregnancy pregnancy-related condition characteristic protected law,Meridian Systems,6000.0,Monthly,China,Xi'an
91,Full Stack Developer,360insights culture driven simple concept – happiness believe happiness make better business better world know make difference team serf client awarded “ best workplace canada ” great place work® institute rocking net promoter score 88 360insights redefining client experience ton fun process ! seeking full stack developer join farmington hill – michigan based development team candidate part team responsible delivering roadmap channel success platform position top brand world pushing mission critical data system confronted amazing challenge building platform scale impressive growth constant need innovation help u design implement api platform push 360insights next level responsibility build rest-style apis angular / web api continuously improve quality code help peer peer review refactoring automated testing etc constantly learn identify integrate high quality library solve problem ’ reinvent wheel automate deployment microsoft application system configuration security setting qualification degree computer science software engineering related discipline minimum 5 year full-time server-side experience writing production-quality code solid foundation javascript experience writing sql query windows/linux server experience experience test driven development domain driven design distributed system preferred experience c .net angular microservices asset company overview 360insights focused constant innovation delivering informed approach world consumer sale channel incentive management offering industry-leading technology combined uncompromising personalized customer service customer among world ’ leading brand actively seek partner company want show leadership offering incentive rebate program engage motivate channel building customer loyalty offering easy efficient way redeem claim company partner community member ’ focused making difference business done world large information visit www.360insights.com,QuantumLeaf Data,71000.0,Annual,Singapore,Singapore
92,Wordpress Developer,"Job Location: * Phase 8B, Industrial Area, Mohali
\*1-3 Years’ experience with web development and with WordPress
Experience in HTML/CSS
1-3 Years’ experience with web development and WordPress required
Experience in PHP
JavaScript and any particular librarysuch as jQuery
Knowledge of WordPress REST API would be a plus
Strong communication skills and the ability to work independently and as part of a team required.
We can arrange for telephonic interview first if you are interested in the job.
IMPORTANT: *IF YOU ARE LOOKING FOR A REMOTE JOB - PLEASE DON'T APPLY
Job Type: Full-time

Salary: ₹10,000.00 - ₹30,000.00 per month

Experience:
WordPress: 1 year (Preferred)
work: 1 year (Preferred)
Education:
Bachelor's (Preferred)
Location:
Mohali, Punjab (Preferred)",BluePeak Technologies,105500.0,Annual,Singapore,Singapore
93,JavaScript Developer,"Software Engineer: Javascript

About Naehas

Join a pre-IPO, fast-paced, rapidly growing software as a service company based in Silicon Valley. Naehas is a marketing offer and content orchestration platform that supports some of the largest consumer brands in the world. Our customers include four of the top six banks and market leaders in media, communication and insurance.

We’re expanding our office in the Gurugram area (India) and would like to fill it with team members who value autonomy, collaboration and meaningful work. Our recipe for success is very simple - “Passionate and happy employees translate into happy customers and a world-class product”.

About the Position

We are seeking to hire a passionate Software Engineer to build features for our flagship naehas’ Platform.

Basic Requirements:

Hands on with AngularJS or EmberJS JavaScript Development Framework
JavaScript developer with at least 1 Yr hands-on experience.
Understanding of HTML5 Features and its development
Hands on BackBoneJS, Framework 7, KnockoutJS is Plus.
Solid knowledge of javascript and css3, bootstrap.
Prior experience working on enterprise web applications is a plus.
Knowledge of working with RESTFul API's
Needs to be able to produce code in a fast paced environment.
Strong problem solving and debugging skills required. -
Preferred Qualifications:

Leading individual projects/sub-projects.
Leading team of 2-6 members.
Computer Science degree from a selective university.

Naehas is a company of people committed to:

Providing the Customer with the finest software backed by consistently top-quality service.
Delivering our software and services efficiently, thus ensuring fair prices to the Customer and a sound investment for the shareholder.
Treating the Customer as we expect to be treated –putting the Customer first every day -and meaning it.
Being leaders in innovation, quality, efficiency, and Customer satisfaction. Being known for doing the little things and the big things well.
Insisting on an inclusive environment where every single person is given the encouragement, support, and opportunity to be successful.
Expecting and accepting from ourselves nothing short of the best. Remembering that each of us makes the unassailable difference.

Naehas is a company of people who expect to:

Be treated fairly. • Work hard in an environment absolutely committed to excellence and Customer satisfaction.
Work with people who respect each other as important individuals. • Have meaningful work to do and the education, equipment, and support to do it.
Know what is required of them and be kept candidly informed of their performance and progress.
Be judged individually by the quality and consistency of their effort, enthusiasm, honesty, and results.
Be encouraged to offer suggestions and ideas with the understanding that each will be promptly considered and responded to; be able to reasonably speak their minds.
Receive ample information about the company’s plans, activities, and results. If these values resonate with you then we look forward to meeting you.

If these values resonate with you then we look forward to meeting you. Here’s what we have to offer you as a team member at Naehas:

Competitive salary package that will continue to grow as you gain experience.
A full suite of benefits including health insurance, team parties, outdoor tours, and much more.
A casual workplace that appreciates and respects each employee's ideas.
The agility of a growing and profitable start-up environment building marketing solutions for the largest Fortune 50 customers.
Mentor-ship by some fabulous engineers with a track record of delivering major pieces of software for both large companies and successful startups.
Flexible work arrangements.",Aster Ventures,79000.0,Annual,China,Chengdu
94,JavaScript Developer,"Roles and responsibilities for Job Opening for JavaScript

: Role : Application Developer Role Description : Design, build and configure applications to meet business process and application requirements. Must have Skills : Ext JS Good to Have Skills : No Technology Specialty Job Requirements : Key Responsibilities : -Design and code from specifications, analyzes, evaluates, tests, debugs - Uses coding methods in specific programming languages to initiate or enhance program execution and functionality - Participate in the evaluation, recommendation, and selection of hardware and software - Research/analyze data processing functions, methods and procedures - Monitor program execution for expected performance Requires a bachelors degree in area of specialty and at 5 years of experience in the field or in a Technical Experience : Strong Experience on Java Script , Ext JS 4/5/6 Should have experience in JSON, Design Patterns Have led/done Developments in mobile or desktop applications Professional Experience : Approx 7-9 years of experience Strong understanding of Design Patterns MVC, MVVM Strong verbal and written communication skills Well versed with version control tools Proactive attitude to problem resolution Able to perform a detailed Impact analysis Capable to perform code reviews and provide co Educational Qualification: Additional Info :

Job Details
Job Role
: All Roles
Industry Sector
: IT-Software/Software Services
Functional Area
: All Functions
Desired Profile
Profile Description
:N/A
Experience
: 3 - 10 (Years)
.
.
Education Details
UG Course
: B.Tech/B.E
UG Specialization
: N/A
PG Course
: M.Tech
PG Specialization
: N/A",Northstar Labs,105500.0,Annual,China,Suzhou
95,Backend Developer,"Experience in Need rest, PHP, Aws or Google cloud.
Knowledge of MY sql, PHP framework and angular is a plus.

Experience - 1.5 to 3 years

Qualification - BE / B. Tech/BSC/MCA/BCA

Location - Pune

Salary - Upto 45000/- per month

12 months contractual bond

Contract length: 12 months

Job Types: Full-time, Contract

Salary: Up to ₹45,000.00 per month

Schedule:
Flexible shift
Experience:
API's like REST and SOAP: 2 years (Preferred)
PHP, Aws or Google cloud: 2 years (Preferred)
Education:
Bachelor's (Preferred)",LumaCore Software,118500.0,Annual,Singapore,Singapore
96,DevOps Engineer,"Job Details
Requirement Type Permanent
Job Title Opening for Devops Engineer
Job Level Executive - Non-Managerial
Job Description Devops Engineer
No. of Openings 10
Job Domain IT
Experience - Minimum No.Of Years 3.0
Experience - Maximum No.Of Years 6.0
Degree B.E
Specialisation Computer Science
Skills Devops Engineer
Expected Date Of Joining 2020-11-16
Joining Time 15 Days
Salary 40000
Work Locations Chennai
Required Skills
Devops Engineer",Zenith Systems,76000.0,Annual,Singapore,Singapore
97,PHP Developer,"We are looking for a PHP Developer who is dedicated to the craft, writes code that they are proud of, and can hit the ground running.
Requirements
Proven software development experience in PHP
Understanding of open source projects like Joomla, Drupal, Wikis, osCommerce, etc
Demonstrable knowledge of web technologies including HTML, CSS, Javascript, AJAX, etc
Good knowledge of relational databases, version control tools, and developing web services
Experience in common third-party APIs (Google, Facebook, eBay, etc)
Passion for best design and coding practices and a desire to develop new bold ideas
BS/MS degree in Computer Science, Engineering or a related subject
Job Type: Full-time
Salary: ₹12,000.00 - ₹45,000.00 per month
Schedule:
Day shift
Monday to Friday
Night shift
Supplemental Pay:
Overtime pay
Performance bonus
Shift allowance
Experience:
PHP: 1 year (Required)
Programming Languages needed:
PHP (Preferred)
Work Remotely:
No
Speak with the employer
+91 9814155526",Meridian Ventures,87500.0,Annual,Singapore,Singapore
98,Network Administrator,"Desired Qualification & Experience 1. B.Tech / Any Graduate
Experience: 2 to 4 years.
Job Profile
1.Experience on 6500, 3560, 2960 Cisco switches and configuration and troubleshooting.
2.Experience on Fortigate firewall
3.Should have knowledge on Basic Hardware and Networking.
4.CCNA, CCNP preference
5.Having Basic knowledge on wireless and call manager.

Location Hyderabad
Division IT
Department Support Services
Interested Candidates can drop your CV at hr.accounts@vimta.in and hr.it@vimta.in",LumaCore Systems,4583.33,Monthly,Singapore,Singapore
99,PHP Developer,"PurpleRain is a US-headquartered 8+ year old close-knit, fully distributed bootstrapped and profitable product startup with a 50+ rock star team members who enjoy the challenge of solving hard problems together with inc 500 clients globally through our B2B SaaS products.

We are a hybrid remote company, with in house teams in Bangalore, London, and remote teams globally in 20+ countries where each employee works from home or a co-working space.

Even though we're far away, we're in contact throughout the day in Slack, Basecamp, and Zoom.

We encourage continual education through weekly lunch and learns and taking courses to keep us ahead of the latest advancements with yearly retreats.

This is

Requirements :
Design, develop, and maintain Php Applications, Laravel based RESTful APIs for our Saas products.
Developing with security, reliability, and backward compatibility in mind at all times.
Excellent in data structures, algorithms & design patterns
Work closely with all development teams to ensure the smooth delivery and integration of work.
Identify the best tools, frameworks, and processes for each task.
Constantly improving code quality through the creation of unit/functional tests, automation, and code reviews.
Participating in team brainstorming sessions to contribute innovative and original ideas that shape our technology, algorithms, and products.
An Ideal Candidate will have:
3+ years of PHP experience in a variety of frameworks
Expert understanding of Designing/developing APIs and Restful Architecture
Expert understanding of consuming APIs (must have done this many times)
Ability to learn new technologies and new business concepts quickly
Experience with Pair programming
Understanding of the full software development process from the wireframing, user interface
Experience design, to QA and deployment
Excellent communication skills (verbal/written)
Should be comfortable communicating to team members across the globe
Experience in working on a Saas product and scaling it
Experience in Javascript, HTML, CSS, Angular other frontend techs.
So what can you expect after you apply? You will:
Take a brief survey. Be sure to check your email after you apply.
Have a phone conversation with someone on our Recruiting team. This is a high-level conversation about you, but also a good opportunity for you to learn more about us.
Meet with our Engineering team. This will be an opportunity for us to get an idea of how you got to where you are, and if where you want to go lines up with where we are going.
Provide us with some references.
Speak with a member of our senior leadership team. If you have made it this far, just be yourself, and everything will be fine.
Our Core Values
We lead with empathy: We believe kindness and empathy lead to effective communication. We assume good intentions and seek mutual understanding from our teammates, customers, and users.
We lean into vulnerability: We are not afraid to ask for help or give and receive feedback. We build off our failures and don’t shy away from tough conversations.
We rise above the status quo: The status quo leads to pain for the people we serve, our communities, and our clients. We do our best to rise above the status quo and to do things that no one else is doing. On an individual level, we strive to improve ourselves and always be learning.
We match grit with wit: We're creative and resourceful. We find solutions to every problem
Job Type: Full-time

Salary: ₹45,000.00 - ₹65,000.00 per year

Schedule:
Monday to Friday
Experience:
Angular: 1 year (Preferred)
Laravel: 1 year (Required)
Education:
Bachelor's (Preferred)
Licence:
Core PHP (Preferred)
Programming Languages needed:
PHP (Required)
Work Remotely:
Yes",QuantumLeaf Software,72500.0,Annual,China,Chengdu
100,iOS Developer,"Â· Develop iPhone and iPad handset clients
Â· Develop architecture and low end designs based on customer and product management requirements
Â· Communication of designs and other development issues to developers and managers
Â· Design, develop and manage automated unit and acceptance tests
Â· Peer review of design code and tests
Â· Participate in agile development program
Â· Bug Fixing
Â· Take ownership of deliverables
Â· Adhere to development methodologies

ESSENTIAL SKILLS/ATTRIBUTES:

Â· Minimum 5 years Objective-C development
Â· Experience of architecture patterns: MVP, MVC, MVVM.
Â· Experience developing Universal apps across iOS7, iOS8 and iOS9
Â· Experience in Unit testing (Mandatory)/ Mocking; UML Diagrams / design docs; Dependency tools; and CI (Continuous Integration)
Â· Proficiency in Xcode, Interface Builder and Instruments.
Â· Appreciation for the limitations of handset development, especially networking related issues
Â· Attention to detail and subtleties of UI design and implementation
Â· Understanding of design patterns
Â· Ability to design for scalability and resilience
Â· Strong application process flow and problem solving techniques
Â· Strong focus on refactoring and code quality
Â· Understanding of software configuration management and release management
Â· High levels of software engineering literacy and communication skills
Â· Friendly and professional manner
Â· Third Level Qualifications in computing, mathematics or science
Â· Experience with auto-layout and constraints

DESIRED SKILLS:

Â· Experience of working in an agile (XP) environment
Â· Experience working with Core Data
Â· Experience of delivering Libraries / SDK
Â· Familiarity with libraries such as AFNetworking and RestKit
Â· Experience of other mobile platforms a plus (Android, Windows Phone/Mobile, BB10)
Â· Product development and lifecycle experience
Â· Experience of unit testing and Test-Driven Development
Â· Scripting (JavaScript, Ruby, Python, Shell, etc.)
Â· Knowledge of build systems such as Maven
Â· RESTful development
Â· XML, JSON, HTTP, SyncML, HTML 5, CSS, Groovy, UML
00-14.00 Years",HyperNova Data,6708.33,Monthly,China,Hangzhou
